tsne_1,tsne_2,label
-17.872896,21.236607,A
-17.705849,20.756273,A
-17.768328,20.482512,A
-17.668568,20.380655,A
-17.894749,19.995098,A
-18.998604,20.573908,A
-18.239208,20.07464,A
-18.560244,20.03851,A
-18.677183,19.964245,A
-20.164267,20.334764,A
-18.94175,19.40754,A
-18.396973,19.310009,A
-23.178194,21.122805,A
-20.431114,20.10037,A
-18.433008,18.887888,A
-19.109135,19.06887,A
-19.431398,19.616827,A
-19.549547,19.326523,A
-19.871834,19.064856,A
-19.052584,19.187304,A
-18.20042,18.410479,A
-23.572187,21.03882,A
-23.547588,20.97916,A
-23.733282,20.486082,A
-23.583694,20.195744,A
-20.375847,19.941032,A
-19.989822,19.392366,A
-19.327162,19.19257,A
-19.058533,18.939281,A
-18.448109,18.57709,A
-24.058395,20.021091,A
-25.51229,19.923195,A
-25.717434,20.020908,A
-18.374552,18.197613,A
-18.625837,18.07605,A
-25.590406,20.054808,A
-21.809774,15.2156105,A
-20.48185,16.994574,A
-26.77377,15.361145,A
-20.597712,17.052994,A
-26.929993,15.858304,A
-25.489391,19.645905,A
-25.54542,19.723986,A
-18.731228,18.104258,A
-25.793524,18.976751,A
-25.149595,19.251566,A
-25.64788,19.199633,A
-23.091349,18.627293,A
-26.102575,18.719408,A
-25.867205,18.645153,A
-22.62302,18.089033,A
-21.987883,15.471103,A
-20.9074,16.482384,A
-21.795536,15.79253,A
-27.032621,15.889427,A
-21.351404,16.087662,A
-26.606087,16.972359,A
-26.292871,17.265984,A
-23.425735,18.379063,A
-23.372896,15.03949,A
-22.33553,15.345751,A
-22.482588,15.548788,A
-23.989756,14.996897,A
-22.741152,18.783512,A
-25.535975,15.280686,A
-22.363058,18.036592,A
-23.962456,15.024486,A
-22.358482,18.101994,A
-22.377838,18.085384,A
-25.65436,15.940988,A
-23.548937,17.916239,A
-24.542694,18.168762,A
-22.121876,15.768554,A
-25.152634,15.30893,A
-24.951214,17.827923,A
-25.127182,17.77981,A
-23.660181,14.955067,A
-20.883913,17.907446,A
-22.062443,15.553143,A
-27.375753,15.804231,A
-25.735521,17.569029,A
-25.6398,17.69157,A
-26.860819,16.689497,A
-21.390575,16.972765,A
-23.719307,15.022993,A
-25.813923,17.754581,A
-23.043026,17.61773,A
-21.783136,15.902208,A
-26.060232,16.585424,A
-22.96613,17.4341,A
-23.059128,17.693966,A
-25.185537,15.492249,A
-26.313667,17.844421,A
-26.274216,17.100048,A
-26.801323,17.92815,A
-22.37696,15.48506,A
-26.387432,16.578943,A
-24.94658,17.474358,A
-23.221626,17.554014,A
-23.42789,17.64737,A
-23.355015,17.151659,A
-21.510923,17.823904,A
-27.44208,15.931101,A
-22.242264,17.873854,A
-21.863377,17.814842,A
-22.529057,15.381346,A
-26.504896,16.704596,A
-26.826504,16.742546,A
-27.232203,16.314304,A
-25.974777,17.92048,A
-0.74260527,-14.015191,B
-2.7193022,-13.7857685,B
-1.186114,-7.2968287,B
-0.9400888,-7.5752835,B
-2.0941918,-7.248255,B
-4.8820643,-7.626127,B
-1.4474642,-11.861972,B
0.17760144,-12.817409,B
-6.894057,-8.061617,B
-2.4873004,-9.652353,B
-1.8018245,-13.549951,B
-3.4629807,-10.936271,B
-1.7718955,-11.957708,B
-0.40081906,-12.012644,B
-6.201699,-7.469482,B
-1.2359113,-10.2172575,B
-6.1014013,-7.2576356,B
-2.1271207,-9.092229,B
-0.57542807,-10.293622,B
-3.6351533,-6.2137847,B
-4.0399756,-5.5784655,B
-1.1338398,-13.532045,B
-2.5449085,-10.908632,B
0.23368312,-12.75738,B
-6.0400777,-7.715868,B
-3.337882,-10.985276,B
0.007206366,-11.906137,B
-5.4159684,-9.322051,B
-0.13488646,-11.080725,B
-3.647054,-6.738542,B
-3.1448174,-6.4882464,B
-2.2190847,-6.6242332,B
-0.92516744,-8.962338,B
-2.3451736,-6.506712,B
0.15664028,-11.111198,B
-6.780401,-7.285999,B
-3.0070188,-10.380226,B
-3.4378295,-12.31735,B
-4.4142604,-10.347418,B
-2.1037314,-11.690535,B
-6.847822,-7.6739707,B
-0.51520795,-13.08329,B
-6.1210303,-6.355818,B
-3.6059737,-12.899146,B
-5.250548,-6.7238383,B
-1.0600415,-9.293468,B
-3.0972252,-6.5423727,B
-3.7225149,-7.305651,B
-5.8007083,-6.397992,B
-5.9698825,-6.717877,B
-0.9110812,-10.324798,B
-5.59706,-7.786747,B
-0.24002896,-13.234856,B
-6.698527,-6.7570386,B
-1.3715229,-10.62812,B
-6.181066,-7.0708666,B
-1.6511518,-10.318066,B
-0.3625188,-12.045457,B
-6.687404,-6.7565556,B
-5.6160154,-9.078644,B
-5.135541,-8.833109,B
-0.0076184073,-9.917135,B
-1.9879051,-12.824193,B
-3.7782004,-11.254321,B
-0.6849759,-12.113415,B
-3.48702,-12.710502,B
-2.6322238,-12.70518,B
-4.719796,-9.021062,B
-0.9076567,-9.791718,B
-3.7986526,-6.718876,B
-6.5537744,-7.9002795,B
-3.8943639,-9.527742,B
-1.6249713,-10.074144,B
-6.314016,-7.755694,B
-6.4299474,-8.484616,B
-2.255195,-10.01366,B
-2.5108962,-12.756246,B
-1.0731894,-11.61399,B
-1.2859977,-10.596987,B
-0.80129105,-13.054267,B
-0.8599363,-10.820553,B
-3.989203,-9.541324,B
-0.580507,-12.057412,B
-0.93694955,-12.441429,B
0.004751331,-11.816319,B
-1.2220254,-11.379302,B
-3.7761838,-6.51458,B
-5.304667,-8.511576,B
0.11909171,-12.465297,B
-6.003811,-7.9516697,B
-5.3674836,-8.814838,B
-0.833682,-10.680846,B
-3.6113288,-6.523668,B
-5.2741346,-8.549032,B
-2.8719761,-10.938264,B
-2.7439728,-10.060859,B
-6.2740164,-6.9044724,B
-3.4401891,-10.299373,B
-2.5188358,-10.904425,B
-6.193337,-7.9217906,B
-3.747904,-7.1649084,B
-1.7917199,-11.727458,B
-4.130005,30.950682,C
-1.8870732,29.545595,C
1.4058816,29.415274,C
1.3306035,28.70654,C
1.2044746,28.114998,C
1.4100621,25.837124,C
2.728155,28.011536,C
-0.5336669,25.182974,C
-1.9427758,29.462793,C
-4.3141828,29.636469,C
-4.6563044,29.560207,C
-4.70003,29.562016,C
-3.3954244,30.247286,C
-2.835248,30.34132,C
-2.5573227,30.325258,C
-2.054076,25.710562,C
0.7364807,29.219069,C
-0.9508249,25.900225,C
-1.5803592,26.038961,C
-2.0829737,25.07628,C
-2.1279607,29.941519,C
1.3580837,28.284855,C
0.4499228,25.100277,C
0.6560096,27.732628,C
-1.4187579,28.541874,C
-1.6215264,26.712606,C
-3.8302636,29.303167,C
-5.2902746,29.029488,C
-3.558298,26.63789,C
-5.292498,29.120382,C
-2.5668378,27.198034,C
0.38028425,29.228342,C
-1.2248182,26.189373,C
-2.067755,25.112175,C
0.40090188,29.364231,C
-0.5062364,27.741678,C
-0.77623624,25.277138,C
-0.50049686,25.148514,C
0.22923401,25.32573,C
-0.6817864,25.0391,C
0.69788504,27.98958,C
0.5619764,27.421942,C
-0.83448094,25.82975,C
-3.558359,29.297869,C
-2.9301643,30.348364,C
-1.216207,31.392336,C
-4.5716925,29.654474,C
-2.190392,30.71345,C
-2.0927157,30.491287,C
-2.5395732,29.674433,C
-2.7117982,24.387293,C
-2.70718,28.753616,C
-0.40532795,29.506863,C
-1.6283801,24.6165,C
2.067504,29.147987,C
1.7529474,28.136482,C
-0.55167484,24.584877,C
2.1328244,28.343721,C
-1.1016033,24.511864,C
-0.55129623,28.595459,C
-3.0155225,26.410063,C
-1.2387441,30.396618,C
-3.3845341,26.857193,C
-3.2881947,25.783722,C
-4.7417545,29.409374,C
-2.6841192,27.093355,C
-2.0676403,26.899847,C
-1.6234057,24.791435,C
-2.4447005,24.367367,C
0.9619525,29.133896,C
-0.15004997,25.015934,C
-0.20948319,28.96185,C
-2.3478034,26.429636,C
-4.4956946,30.245583,C
-3.3788993,27.117216,C
-2.9168587,26.294857,C
-3.8242967,30.154793,C
-2.7250056,30.554827,C
-1.0541877,30.870785,C
-2.614295,27.382683,C
-2.2862322,26.463436,C
-1.0447165,26.830475,C
-2.4035125,28.249895,C
1.9772645,28.833384,C
2.222464,27.672056,C
2.3418138,27.674017,C
-0.60335356,27.04623,C
-2.7413378,26.81884,C
-3.7553687,29.594337,C
-4.6571875,28.770945,C
-0.6715686,30.781475,C
-5.0865116,28.999796,C
-4.235725,29.455297,C
0.24244848,29.613968,C
-0.7698515,27.193825,C
-2.2769268,24.353376,C
-0.4783681,25.839481,C
1.742842,26.86011,C
2.3580027,27.674828,C
-1.8657184,28.262445,C
-11.910188,3.5590675,D
-13.796475,6.6147566,D
-15.085107,5.102191,D
-16.321735,2.8031611,D
-12.512906,3.325341,D
-14.030262,6.2081504,D
-15.494364,4.59884,D
-16.021511,3.2220314,D
-12.226256,3.7522824,D
-12.951155,3.1134222,D
-14.85606,5.3312335,D
-12.023881,4.981533,D
-12.507644,3.3472443,D
-14.3600445,6.1131983,D
-15.777466,4.7549872,D
-16.267126,2.5104873,D
-14.231138,6.066618,D
-16.158781,2.2570322,D
-15.870579,3.7805688,D
-12.093102,3.7045817,D
-13.918219,6.7325993,D
-15.617109,2.6237447,D
-13.812686,5.880455,D
-11.910026,3.714784,D
-14.996727,5.508496,D
-16.142706,2.5070357,D
-14.408712,6.5076375,D
-15.50094,4.155066,D
-11.829776,3.851664,D
-14.032285,6.542465,D
-14.759862,5.6859493,D
-16.087915,4.2753525,D
-15.993816,3.41911,D
-12.139434,3.7095833,D
-13.792259,6.54005,D
-14.581955,5.531137,D
-15.693427,4.7649894,D
-12.013949,4.0604134,D
-13.06207,6.890523,D
-14.377544,6.1372504,D
-15.92555,3.5144653,D
-12.233021,6.732972,D
-11.78502,3.4918127,D
-15.737311,2.837539,D
-15.103846,4.928458,D
-15.416346,2.2146494,D
-12.440935,2.8489785,D
-13.878016,6.003095,D
-15.885219,3.0229647,D
-12.25271,3.0981808,D
-15.00773,4.8131046,D
-16.263805,2.773695,D
-12.23394,6.7631016,D
-14.562279,4.638704,D
-11.790877,3.7245371,D
-12.395294,5.4249763,D
-12.185412,6.803872,D
-15.2504835,3.604972,D
-12.439425,6.4579706,D
-15.476671,2.302231,D
-13.840155,6.485035,D
-14.750009,4.7987685,D
-12.1958475,6.4575872,D
-14.965647,4.040285,D
-12.333972,6.683751,D
-14.560477,5.2830873,D
54.92292,1.4470909,E
50.1433,0.39129752,E
41.247776,4.642046,E
50.595875,5.4866257,E
53.517933,3.0221245,E
59.65106,-5.1949277,E
41.229122,4.520969,E
51.400158,5.1872797,E
58.04675,-4.021236,E
48.954075,1.109841,E
41.483727,4.8203125,E
42.77336,4.336724,E
47.6052,5.229534,E
52.834187,3.8446434,E
59.886425,-5.1777205,E
39.900574,5.0778584,E
49.15165,5.3696027,E
50.66684,5.4414515,E
59.255604,-4.829676,E
40.89393,4.5611424,E
53.041447,3.5860481,E
59.93944,-5.0077105,E
39.875187,5.0980854,E
59.368473,-4.9117856,E
40.101097,4.668503,E
51.947968,4.738418,E
50.941895,0.3430087,E
47.600163,5.2227077,E
58.309,-4.26454,E
50.714687,0.38053542,E
49.942657,5.5057487,E
58.081562,-3.9878247,E
40.369263,4.8525867,E
50.05312,5.462229,E
58.48869,-4.435583,E
40.21062,4.967789,E
50.671417,5.491996,E
58.07643,-4.032663,E
40.70874,4.7636094,E
49.61647,5.437164,E
59.986935,-4.790726,E
42.29092,4.3688087,E
52.657066,4.077702,E
59.972713,-5.216838,E
42.671413,4.1689487,E
53.224873,3.308523,E
59.86001,-4.79567,E
51.202225,0.16276465,E
59.873127,-5.2119513,E
49.599415,0.6876204,E
42.59475,4.3790703,E
54.90208,1.3401265,E
51.416214,0.18775928,E
49.01244,5.3939843,E
59.362255,-4.973444,E
40.03355,4.9720554,E
51.44729,5.489319,E
58.85157,-4.636739,E
40.2971,4.7636695,E
51.063564,5.489527,E
48.276623,1.6961795,E
41.790417,3.996142,E
54.447956,1.7892082,E
48.503574,1.3198497,E
41.84349,4.3825555,E
54.230293,0.42309695,E
48.8429,5.3775506,E
58.467667,-4.465985,E
40.35559,4.827847,E
50.902645,5.494881,E
58.64908,-4.5186534,E
40.474205,5.072988,E
48.663136,5.26341,E
57.94961,-3.9651625,E
50.099243,0.5722857,E
42.558716,3.860261,E
55.509796,0.91495764,E
50.229828,0.48681542,E
42.271896,3.6715164,E
53.26705,3.2651584,E
55.494972,1.5780567,E
59.175003,-4.933775,E
52.816654,-0.2751365,E
42.49129,4.238458,E
46.879787,5.191689,E
50.909992,5.5785627,E
58.75424,-4.4420533,E
59.830627,-5.230482,E
60.132656,-5.2776723,E
41.643013,4.284612,E
51.46572,5.3032813,E
59.50349,-5.008617,E
40.95213,4.7524,E
41.042183,4.493522,E
54.588993,1.5975645,E
49.378304,0.8955355,E
51.319683,5.436438,E
53.271797,3.2523973,E
52.743996,24.354343,F
52.613808,25.027452,F
54.203587,26.24676,F
52.647083,24.414396,F
53.327232,24.232462,F
53.112545,24.780523,F
54.382366,24.622694,F
53.81425,23.942135,F
54.301323,25.8776,F
52.6202,25.236685,F
52.43145,25.006962,F
54.78476,24.295988,F
55.008286,26.154408,F
54.23777,25.757898,F
52.903522,25.380175,F
54.53278,23.894825,F
55.237476,26.060774,F
54.6866,25.8318,F
54.035942,26.069208,F
53.662296,26.081736,F
54.75502,24.70401,F
54.14216,24.093105,F
54.42625,24.12047,F
54.727158,24.520025,F
55.481617,25.282368,F
52.934586,25.788214,F
52.912876,25.509268,F
53.664196,26.030952,F
54.457397,26.315693,F
54.138367,25.696226,F
54.180298,24.340582,F
54.78985,24.447922,F
55.205147,25.519917,F
54.86909,26.304756,F
52.71866,24.460995,F
53.939404,24.249104,F
54.19656,24.598845,F
52.766674,25.232502,F
55.089985,24.69868,F
55.070393,24.780788,F
55.45208,25.82484,F
54.0198,25.689577,F
20.817207,-4.653269,G
20.134695,-0.8278055,G
22.052101,-3.3322444,G
20.822617,-5.874159,G
20.937088,-2.5885756,G
17.10647,-2.062314,G
18.077127,-2.987949,G
18.22665,-3.0845637,G
21.484133,-3.8407643,G
18.453543,-3.2841637,G
20.066093,-3.2394044,G
21.008255,-4.0911055,G
23.915314,-4.5363584,G
20.63968,-6.2268157,G
23.707108,-4.979456,G
21.832134,-4.127766,G
20.765625,-3.8935096,G
21.204006,-3.99178,G
21.546885,-6.052149,G
21.594053,-6.040653,G
23.862114,-4.9967957,G
21.615002,-4.0439763,G
19.994612,-3.9330068,G
19.301828,-3.8022423,G
20.189775,-3.985989,G
18.792759,-3.6305375,G
19.27821,-3.726163,G
19.10976,-3.7377684,G
18.240202,-3.324944,G
17.732658,-2.9519541,G
23.310501,-5.293413,G
19.043892,-3.6904135,G
20.234587,-3.693456,G
22.136137,-4.4107366,G
20.64187,-6.120391,G
24.207312,-4.987306,G
21.780365,-5.5501842,G
18.642826,-3.5836751,G
20.84381,-3.5273955,G
21.77842,-5.8651047,G
24.13344,-4.9870224,G
22.860683,-5.391655,G
24.251589,-5.0436897,G
23.858727,-5.0042768,G
24.086473,-4.827294,G
23.348349,-5.1211405,G
21.516718,-0.6410299,G
17.845463,0.6779432,G
18.493395,-1.630765,G
20.783926,0.5188688,G
18.797714,1.06236,G
20.106382,1.3711927,G
20.751862,-5.8053727,G
19.004745,-1.0305158,G
17.68484,-1.3154922,G
17.384974,-1.3862001,G
21.095972,0.50524396,G
17.380428,-1.2676078,G
20.768803,-1.3591523,G
22.754599,-2.3340843,G
20.007387,1.5973103,G
23.095932,-2.928665,G
21.961498,-2.065906,G
22.719028,-2.424086,G
20.194822,-1.5922233,G
22.291313,-2.0571127,G
22.851503,-2.424891,G
19.679417,1.5033557,G
20.164879,1.4856116,G
17.971796,-1.3731925,G
21.955238,-0.5824608,G
17.106056,-1.0372844,G
20.808651,0.35464108,G
17.527655,-1.308988,G
17.353079,-1.2999221,G
21.140547,0.28781164,G
20.069506,0.59969693,G
17.807192,0.69563365,G
22.042814,-2.264514,G
19.18106,-1.5902059,G
18.41755,-1.5723683,G
20.402174,0.76944673,G
17.733152,0.60772604,G
21.362411,-1.5421065,G
20.977306,-1.6114689,G
22.806568,-2.15208,G
16.950796,-0.7767497,G
20.321083,-1.0626951,G
17.601185,0.31165344,G
21.219349,-1.6714342,G
19.301254,0.80961543,G
20.254005,1.1820079,G
19.802067,1.1229161,G
19.97773,0.9477765,G
19.979261,1.1349549,G
20.463793,1.0696081,G
17.652712,0.40182468,G
20.753218,-5.7686105,G
17.21178,-0.9745584,G
20.202772,0.034698423,G
23.832346,-4.6340494,G
3.863143,7.3432217,H
3.1675472,3.8507307,H
6.4706926,12.263331,H
4.343534,8.907262,H
3.1698468,5.321813,H
3.0467505,10.092206,H
6.5585365,13.158389,H
5.003092,9.737429,H
3.2846322,3.9442225,H
6.2750716,12.634883,H
4.6478124,5.262291,H
7.87908,8.536049,H
6.5830855,13.451432,H
4.8359222,9.121379,H
3.5073302,5.8237076,H
2.2803974,4.402057,H
2.6173222,3.735882,H
7.759513,7.8906207,H
7.244419,14.151595,H
5.8527713,11.381308,H
3.4147308,4.4333034,H
7.4095516,13.315289,H
4.237873,7.830385,H
3.1303732,3.8424397,H
6.583359,12.441658,H
3.914616,5.4031134,H
7.2807193,14.238924,H
6.667956,11.865752,H
3.9693108,4.669471,H
6.4748588,11.124738,H
2.8432205,4.1255264,H
7.7107096,9.829695,H
4.543959,9.269798,H
4.447547,11.329175,H
5.6369777,11.838604,H
4.3371725,8.426259,H
3.021185,5.4230757,H
2.5393722,3.998952,H
6.953565,13.258562,H
4.591868,9.306902,H
3.285864,4.718071,H
7.8659267,8.355883,H
6.2021275,12.685565,H
4.7467985,9.899151,H
3.987134,7.473606,H
2.792515,4.466279,H
2.8042212,9.804615,H
5.458513,11.012478,H
3.3287895,6.2052417,H
3.484643,5.12407,H
7.804738,9.194609,H
7.830622,8.124126,H
6.4023705,13.12849,H
3.225333,5.7498684,H
2.7914438,3.5172193,H
7.8141184,8.038674,H
4.6750507,10.278327,H
4.23225,10.390509,H
4.2800198,8.06416,H
7.2018905,13.365591,H
4.9019027,10.120441,H
4.7448707,6.013859,H
7.6878285,7.8810945,H
5.5246143,10.392618,H
2.6885731,3.542301,H
6.6350656,12.444541,H
4.11746,4.994013,H
6.5122547,11.963913,H
4.368358,5.063371,H
6.6414547,12.623734,H
2.5745158,3.6709976,H
7.0605426,13.007461,H
4.725893,9.865054,H
2.5383496,3.0628464,H
6.150594,12.195263,H
4.5950036,9.511193,H
3.281982,5.934424,H
2.5796916,4.18094,H
7.8603315,8.791263,H
6.701037,13.101046,H
4.5217633,8.693368,H
3.330275,10.194741,H
5.7232904,10.918283,H
3.3058562,6.1325536,H
2.7223492,3.628116,H
6.9852386,13.598453,H
5.0774527,10.558863,H
4.175839,8.2849865,H
2.8018317,5.113637,H
7.268533,14.281722,H
7.778468,8.062155,H
6.7180533,13.329032,H
4.2776647,8.087255,H
6.963128,12.96051,H
4.1298265,4.6480446,H
7.8695297,8.301281,H
4.220413,7.868653,H
2.9919174,3.3771927,H
6.3846874,13.2811,H
4.283652,5.4623737,H
-28.602942,41.636997,I
-28.416506,40.196125,I
-22.229456,44.01557,I
-20.985605,42.181732,I
-19.69922,39.453533,I
-28.260803,40.113625,I
-27.026625,47.48069,I
-23.063028,44.909443,I
-20.813341,41.891026,I
-19.11338,39.395504,I
-25.242556,46.41459,I
-19.789206,40.3009,I
-28.455206,41.128235,I
-27.823814,48.108116,I
-25.826466,46.71798,I
-22.12941,43.731094,I
-20.513863,41.53639,I
-28.478315,41.922173,I
-28.234945,48.261707,I
-23.124493,44.073772,I
-19.134413,39.659397,I
-28.624462,41.217186,I
-27.672005,47.93035,I
-26.104755,46.054462,I
-21.970964,43.659798,I
-20.24396,41.045742,I
-19.040367,39.362633,I
-28.152473,48.285732,I
-19.335016,39.54367,I
-28.444553,40.885273,I
-27.133938,47.18904,I
-21.259483,41.97068,I
-19.099825,39.16949,I
-28.439854,48.504826,I
-25.604288,46.715107,I
-21.105413,42.349068,I
-19.150452,39.570274,I
-27.581087,44.113037,I
-19.241844,39.119766,I
-28.40432,40.457104,I
-25.922087,46.851295,I
-19.154575,39.028976,I
-26.435797,47.54658,I
-26.976011,47.40902,I
-20.161028,40.782677,I
-27.292385,42.25686,I
-19.320038,39.204662,I
-28.294216,40.33172,I
-25.63289,46.564922,I
-23.599104,46.573196,I
-20.763628,40.5903,I
29.067888,18.896187,I
-27.575724,47.783245,I
-28.087471,47.52464,I
-22.091507,43.87551,I
-20.843088,41.888958,I
-14.437774,51.80108,I
-20.901922,41.304592,I
-28.389284,41.661354,I
-28.263903,40.03589,I
-25.937107,46.555737,I
-23.925251,45.811855,I
-21.041994,42.38854,I
55.38649,-3.8397148,I
-28.379215,40.122868,I
-26.50071,46.9703,I
-24.629217,45.98189,I
-21.675714,42.61509,I
-19.477146,39.667652,I
-28.46735,40.357254,I
-27.186457,42.405506,I
-20.566816,41.73744,I
-19.047499,39.826412,I
-19.035425,39.309677,I
-28.542765,40.662624,I
-26.76027,46.939236,I
-20.416433,41.009243,I
-28.568237,41.374332,I
-27.228027,47.83857,I
-26.669601,47.413143,I
-24.753666,46.116882,I
-21.933195,43.596855,I
-28.506172,41.60028,I
-28.291473,48.41455,I
-26.579561,46.8554,I
-23.972834,46.098267,I
-20.977509,42.393913,I
-28.646141,40.939545,I
-27.614687,47.992455,I
-25.564695,46.620266,I
-20.532507,41.992073,I
-28.443033,41.65666,I
-28.355316,40.53823,I
-27.080334,47.417645,I
-23.41914,45.309906,I
-20.44224,41.808678,I
-28.326693,48.38409,I
-19.592335,39.706295,I
-28.604029,40.196896,I
-23.163855,43.463257,I
-28.270847,40.878304,I
-28.074825,48.15349,I
3.9426851,48.40852,J
3.363983,50.112892,J
6.4163475,53.37686,J
7.564704,47.31508,J
6.6814623,46.850826,J
4.771424,47.448826,J
9.390909,49.82844,J
9.46617,49.861546,J
8.124597,52.513645,J
6.19094,47.210606,J
7.051356,52.99309,J
6.91487,53.1216,J
5.618059,53.461884,J
4.6200447,53.52475,J
4.614166,53.364025,J
6.589285,47.378223,J
3.46653,49.70308,J
9.39649,51.27762,J
4.738188,47.9871,J
5.8171873,53.6112,J
4.900053,47.767624,J
3.3900862,49.774387,J
5.600585,54.014156,J
5.7755914,48.038002,J
6.2676573,54.082077,J
5.088496,48.22672,J
3.4353504,49.724224,J
5.894243,54.23102,J
4.4801345,53.40554,J
3.333927,49.655926,J
9.436885,49.528503,J
8.844577,51.586853,J
4.8408027,52.9168,J
5.1209745,53.794838,J
6.7812743,47.2319,J
5.4051633,47.142452,J
9.507393,50.21113,J
8.41941,51.68922,J
8.275734,51.19972,J
9.148268,51.39797,J
6.4903197,53.599815,J
5.844628,47.35599,J
5.7083983,46.961422,J
3.50378,50.51486,J
7.2406464,52.83323,J
5.6876535,47.123123,J
3.7860188,52.79751,J
6.922353,47.86663,J
9.422294,51.258,J
7.5449877,50.955166,J
6.1286077,53.98067,J
5.6956286,47.439182,J
4.29479,48.226093,J
3.894802,48.435623,J
3.393147,49.33358,J
3.3703203,52.701927,J
4.684963,47.713966,J
3.5482447,51.22417,J
9.020145,51.38447,J
5.824928,53.639393,J
7.4808474,47.223,J
5.3591776,47.503788,J
3.972842,48.607613,J
3.5782294,49.067905,J
3.4001613,51.096287,J
8.759655,50.949562,J
8.569614,51.759308,J
5.4599,54.08405,J
5.4280543,47.43438,J
5.2300806,47.311104,J
9.034218,48.364548,J
3.3855827,50.712097,J
9.025767,48.578884,J
9.016006,50.425053,J
5.0934024,53.567726,J
5.1444645,47.623177,J
7.871875,53.50965,J
8.421112,47.952557,J
3.6640177,51.3755,J
8.117687,51.920597,J
7.222316,51.565132,J
8.782266,51.722885,J
7.210553,47.18967,J
4.5230303,47.909386,J
3.5886645,49.184242,J
9.355193,49.880672,J
3.423161,49.656002,J
8.251666,52.092052,J
6.920849,52.967327,J
5.3491974,53.762604,J
6.7528496,47.72594,J
9.470456,50.215874,J
9.03074,50.30851,J
8.649644,52.01846,J
4.6902714,53.31961,J
5.449809,53.478477,J
7.1515346,47.042946,J
3.9181614,51.96005,J
7.343692,51.346684,J
7.3967247,53.623043,J
-66.63229,3.9919147,K
-64.52292,-0.043715075,K
-64.65671,-0.314385,K
-61.25327,0.2329414,K
-60.952065,-0.669944,K
-63.399742,0.844893,K
-61.78702,1.0590864,K
-62.101345,2.0578837,K
-66.38266,3.0229893,K
-62.48508,1.6541324,K
-67.36567,3.2634525,K
-66.8746,3.5231392,K
-62.326927,1.4959884,K
-67.246414,3.4811697,K
-64.30208,2.5418105,K
-65.85962,-0.29704127,K
-67.19827,3.357286,K
-63.746994,1.5045795,K
-62.440086,1.4877652,K
-66.990486,3.4532938,K
-63.058414,1.6374277,K
-65.85477,-0.4813509,K
-63.743042,2.151078,K
-61.774292,0.7569567,K
-67.08126,3.2890112,K
-65.2933,2.807231,K
-63.928116,2.0376983,K
-62.03857,1.0095938,K
-64.767494,2.5737388,K
-62.79455,1.2532613,K
-65.367424,-0.567755,K
-65.239006,2.7035131,K
-66.37855,2.8399708,K
-65.11805,2.448644,K
-61.437515,0.40096322,K
55.407776,-3.8608112,K
-65.38004,-0.5280329,K
-66.31264,2.7226555,K
-64.81431,2.530211,K
-61.998074,0.6838777,K
-61.275818,0.03421534,K
-66.28386,3.2729416,K
-63.726902,1.8560535,K
-65.293594,-0.5942701,K
-65.73476,2.9141219,K
-66.852844,0.522677,K
-61.194942,-0.08951495,K
-66.255684,3.065903,K
-63.57574,1.0651919,K
-61.648834,0.48568854,K
-65.09517,3.2537758,K
-62.754898,0.93978447,K
-65.21864,-0.556232,K
-65.44794,2.8216507,K
-62.206615,0.8493801,K
-61.217754,-0.08154618,K
-64.77735,-0.7517518,K
-65.92932,2.5243754,K
-65.52426,-0.0006842958,K
-66.58262,3.0502858,K
-63.531548,1.5154852,K
-64.189384,-0.46095765,K
-62.35399,1.1087773,K
-64.75402,-0.7921188,K
-65.40836,2.7751412,K
-66.106674,0.05738731,K
-64.697845,3.0264375,K
-65.18578,-0.6385482,K
-64.96835,2.3018267,K
-61.443882,0.21045856,K
-67.090775,3.0259748,K
-63.35871,1.2352384,K
40.53436,-13.331166,L
40.13094,-18.550856,L
42.315975,-17.661016,L
43.311832,-17.328144,L
42.468864,-17.464884,L
40.85367,-13.976652,L
37.498215,-18.7123,L
42.896744,-18.005695,L
37.532536,-15.254927,L
34.623882,-17.873627,L
40.10019,-13.6985035,L
42.0378,-17.953169,L
43.104683,-17.312792,L
43.342888,-17.419828,L
40.02924,-13.20398,L
40.41376,-13.537322,L
37.363354,-18.693932,L
36.50952,-18.460943,L
38.639072,-18.627913,L
43.670425,-17.491446,L
40.538982,-13.547099,L
38.96209,-18.850977,L
42.37264,-17.73498,L
37.155724,-15.175219,L
39.94932,-13.652164,L
35.984947,-18.329176,L
37.30007,-19.250416,L
40.30572,-19.422235,L
37.98899,-13.940876,L
39.920662,-13.9571,L
38.96045,-13.9258995,L
35.333885,-18.561068,L
43.37458,-17.764034,L
40.28447,-13.646075,L
36.839935,-18.120157,L
39.48718,-13.67933,L
35.28837,-18.178701,L
35.224186,-18.363724,L
35.29648,-17.646297,L
38.961082,-13.7525015,L
43.715935,-17.203522,L
38.10176,-14.530747,L
37.4588,-14.645751,L
40.935993,-13.293941,L
34.817387,-17.964481,L
39.49542,-13.853416,L
38.806877,-18.51197,L
37.324287,-14.886969,L
39.42501,-13.65741,L
35.889946,-18.407127,L
43.294434,-17.946304,L
38.61649,-14.125548,L
35.60205,-18.69673,L
39.9094,-18.400375,L
9.000195,-57.0076,L
34.836063,-18.10299,L
39.084415,-18.70823,L
37.459717,-14.853093,L
35.016586,-17.811312,L
35.775326,-18.3686,L
41.96936,-18.25738,L
41.423203,-14.997174,L
40.208027,-18.35091,L
41.755867,-17.965809,L
43.453552,-17.282333,L
37.533413,-14.547359,L
37.771915,-18.610546,L
38.76812,-18.21219,L
40.92119,-18.295416,L
41.496674,-18.05714,L
43.106068,-17.403086,L
37.605556,-14.625833,L
38.1838,-14.305888,L
35.099876,-18.104918,L
36.6644,-18.307907,L
37.8486,-18.547312,L
39.701206,-18.400394,L
40.871414,-18.021708,L
40.94068,-18.273838,L
39.065674,-18.091978,L
42.49829,-17.610619,L
43.54753,-17.340181,L
40.51171,-13.707192,L
37.70291,-18.864983,L
41.337345,-18.075632,L
40.080315,-18.506083,L
36.196033,-16.350056,L
40.536667,-13.842483,L
37.914185,-17.524961,L
36.113758,-18.60618,L
43.88504,-17.598843,L
38.533684,-13.889978,L
40.731518,-13.106075,L
38.07435,-18.391432,L
40.759956,-18.303186,L
35.57292,-17.314707,L
38.434807,-14.4599085,L
36.955864,-17.995876,L
38.840252,-18.760101,L
41.93034,-17.769787,L
-13.474743,53.618744,M
-22.532934,47.8951,M
-12.9585285,53.956474,M
-22.111446,47.86274,M
-13.341664,49.97928,M
-14.85258,55.725235,M
-22.207962,48.257973,M
-14.271586,54.768627,M
-22.00402,47.493103,M
-14.287143,54.804707,M
-13.46267,47.622818,M
-13.196876,53.294823,M
-22.330444,48.14781,M
-17.92241,45.05093,M
-22.147324,47.836826,M
-14.636977,55.513763,M
-13.275457,48.064175,M
-13.857816,53.994545,M
-22.115498,47.763065,M
-13.732563,52.715607,M
-13.43343,53.966877,M
-13.440641,47.148075,M
-13.331347,50.613365,M
-21.67503,47.42192,M
-13.305419,53.284252,M
-20.284101,46.36914,M
-12.832338,50.230392,M
-22.602432,48.20687,M
-16.761593,45.532207,M
-13.067478,49.012524,M
-18.578188,45.60583,M
-12.868024,51.01582,M
-21.41871,47.076298,M
-13.421558,49.791424,M
-14.873988,54.963745,M
-19.193357,46.247723,M
-13.179511,54.112877,M
-21.304646,47.788326,M
-13.786613,53.505505,M
-19.37208,45.95807,M
-13.009536,52.733585,M
-21.38153,48.333942,M
-13.815049,50.185135,M
-13.599026,53.10537,M
-15.387132,56.273293,M
-12.738544,50.474968,M
-14.175668,53.86804,M
-18.099525,45.094887,M
-13.4433775,47.911346,M
-14.517378,54.46741,M
-22.223495,48.713604,M
-14.357418,55.02026,M
-19.96377,45.965233,M
-12.836792,50.645054,M
-20.204172,45.80482,M
-13.769236,48.125698,M
-13.10358,52.5093,M
-21.551554,46.2911,M
-12.855011,49.919453,M
-19.960026,46.10158,M
-13.5890665,54.133213,M
-15.056651,55.189774,M
-15.386,56.26493,M
-13.009387,50.014767,M
-19.725327,45.788395,M
-13.707766,48.391945,M
-18.248999,45.032616,M
-12.742974,51.202168,M
-21.071688,45.988304,M
-13.321211,49.26922,M
-18.14562,45.725433,M
-13.116721,52.24948,M
-19.579865,46.014458,M
-12.691167,49.647232,M
-22.102173,47.585587,M
-13.38694,53.72362,M
-19.721018,46.51798,M
-13.131688,51.882637,M
-19.685835,46.24327,M
-13.184037,50.988853,M
-20.988783,47.940975,M
-13.755721,54.09637,M
-13.425255,47.373287,M
-13.437224,53.63458,M
-22.714325,48.85998,M
-15.302334,56.175682,M
-13.167627,48.563637,M
-14.723939,55.451244,M
-22.211483,47.44023,M
-13.694552,54.346596,M
-12.969608,48.279106,M
-18.869379,45.56967,M
-12.734798,50.431118,M
-18.940863,45.442356,M
-13.387468,48.401897,M
-18.047218,45.551094,M
-12.782763,50.14818,M
-18.481009,45.44317,M
-13.1748,48.96093,M
-18.116205,44.902725,M
-13.838512,47.601967,M
-17.07044,45.51528,M
-13.390859,53.18665,M
20.380949,21.863203,N
26.674398,20.958073,N
18.78169,22.661024,N
22.452816,16.392624,N
18.711233,22.406086,N
23.394772,21.486305,N
22.85955,16.253418,N
25.085775,16.354603,N
20.9592,21.993738,N
26.829388,20.093567,N
24.011429,16.094336,N
20.370272,22.223692,N
27.116852,20.984377,N
18.136349,22.84593,N
22.647299,21.442053,N
26.672573,20.50143,N
22.826431,16.24328,N
18.46228,23.103216,N
25.863476,20.584467,N
24.177935,16.079302,N
23.053177,21.653603,N
27.77473,20.628025,N
18.428154,23.087515,N
22.85385,21.466127,N
27.499805,20.596851,N
17.58012,23.302536,N
23.089735,21.373098,N
22.580982,21.443861,N
25.968603,20.770895,N
28.250391,20.11743,N
19.974447,22.309416,N
24.996527,21.098286,N
24.611723,16.24001,N
22.748545,21.413776,N
22.843304,16.277405,N
18.030155,22.557842,N
25.343903,21.141966,N
17.904129,23.384598,N
23.929262,21.260311,N
24.11349,16.127306,N
25.600069,21.191769,N
19.151161,22.662434,N
26.405615,20.84091,N
18.515697,23.16876,N
24.578663,21.041563,N
22.128756,16.594248,N
19.101236,22.891062,N
27.081999,20.769386,N
19.959549,22.36142,N
27.074389,20.891989,N
17.622377,23.003479,N
25.654106,21.316008,N
18.573036,22.588736,N
24.347736,21.126274,N
24.332323,16.143724,N
21.726526,21.74599,N
23.166561,21.055767,N
23.248007,16.15269,N
20.046787,22.109158,N
27.248135,20.52487,N
18.92128,22.687065,N
22.588373,21.33252,N
27.08451,20.499352,N
22.854788,16.230692,N
28.273045,20.064806,N
23.939768,16.05664,N
18.438425,22.488037,N
23.959484,21.22659,N
27.045048,20.360788,N
24.779224,16.171032,N
17.79981,22.708942,N
21.359303,21.948889,N
23.966305,16.313787,N
20.284311,22.169512,N
25.897497,21.264032,N
17.362059,22.94007,N
18.74524,22.36497,N
24.694668,21.207033,N
25.036285,16.35032,N
22.194294,21.581514,N
27.543083,20.501339,N
17.79982,23.203175,N
23.376968,21.34215,N
28.211607,20.168543,N
24.46392,16.029917,N
20.299,22.401957,N
22.578821,16.324396,N
24.309963,16.044344,N
18.241125,23.014954,N
21.182375,21.831089,N
23.18976,20.804998,N
25.752,21.08925,N
27.259327,20.50625,N
18.87304,22.892859,N
26.75646,20.79561,N
25.010603,16.289068,N
21.209593,21.811895,N
26.236153,20.67498,N
23.207483,16.072403,N
19.840267,22.481554,N
22.879911,16.229414,N
-18.302706,-49.122284,O
-12.401044,-51.666615,O
-16.197954,-55.213493,O
-18.087559,-50.209293,O
-13.341369,-51.951515,O
-13.413747,-52.131783,O
-16.241676,-55.23343,O
-17.187538,-49.165546,O
-19.585566,-50.457466,O
-12.789021,-50.759464,O
-12.837165,-51.82459,O
-16.911135,-55.52111,O
-18.035372,-55.477894,O
-17.492281,-48.955585,O
-18.90777,-49.68499,O
-16.355158,-53.185093,O
-16.920776,-55.951244,O
-17.398127,-50.800117,O
-14.611144,-53.915104,O
-15.724947,-54.071053,O
-17.000671,-55.308445,O
-19.008678,-49.662514,O
-12.743047,-50.732906,O
-18.364904,-48.64093,O
-12.837451,-51.954723,O
-16.522202,-48.664574,O
-12.939807,-52.664413,O
-15.826916,-55.71235,O
-17.033255,-48.56944,O
-17.396473,-48.233143,O
-18.382002,-49.729343,O
-19.286045,-50.064964,O
-15.744693,-53.82459,O
-18.016476,-55.420544,O
-15.85191,-48.5461,O
-13.844373,-52.649223,O
-16.619997,-48.497158,O
-15.057368,-54.805984,O
-18.029873,-55.46941,O
-18.725264,-49.212013,O
-16.307304,-55.944794,O
-18.946157,-49.710487,O
-15.865122,-56.182198,O
-17.421597,-48.774353,O
-12.783617,-50.25119,O
-12.67111,-51.67289,O
-14.713831,-54.54206,O
-15.737582,-48.54764,O
-19.536428,-50.51832,O
-12.988087,-52.1372,O
-13.218982,-52.509186,O
-15.590294,-54.471287,O
-17.59151,-55.63172,O
-17.050816,-48.542343,O
-17.064535,-55.7234,O
-18.034082,-49.655964,O
-19.165264,-49.73255,O
-18.830954,-55.011707,O
-17.26461,-55.771812,O
-17.267761,-55.381348,O
-15.746015,-48.97386,O
-12.842375,-51.832714,O
-13.013501,-52.040867,O
-12.870824,-51.042645,O
-14.907421,-54.331383,O
-15.532744,-48.66883,O
-17.762249,-55.565937,O
-19.582993,-49.76852,O
-14.546895,-53.270073,O
-12.690604,-51.980698,O
-16.664255,-55.56848,O
-17.56781,-50.321846,O
-12.415867,-51.94083,O
-15.103711,-53.623055,O
-16.146824,-54.917595,O
-17.789906,-49.619244,O
-19.830193,-50.67336,O
-15.522666,-48.50582,O
-16.140947,-54.5112,O
-14.478034,-49.320007,O
-18.56289,-50.192932,O
-15.802379,-48.482567,O
-16.999067,-48.393406,O
-17.494667,-48.30362,O
-16.71672,-48.388527,O
-19.769367,-50.62671,O
-14.466391,-53.609978,O
-15.807036,-54.75054,O
-16.106956,-48.725525,O
-19.794569,-50.851753,O
-16.150122,-54.686844,O
-13.980972,-51.947895,O
-13.40001,-52.62208,O
-16.343126,-55.169212,O
-16.754608,-55.386295,O
-15.775588,-48.501358,O
-18.970743,-49.843132,O
-13.041722,-51.792217,O
-13.671363,-53.15251,O
-14.425854,-49.49179,O
32.924206,45.41202,P
25.602293,42.633583,P
31.038313,37.71133,P
32.799664,45.369846,P
32.34602,45.512962,P
27.786179,44.725307,P
34.496918,40.509796,P
31.468987,37.536503,P
31.77993,45.583256,P
34.318066,42.12003,P
33.92718,45.01643,P
33.635067,40.3078,P
30.766235,38.242897,P
31.03334,38.130127,P
28.805428,37.840004,P
30.5235,45.58463,P
27.479746,44.423008,P
34.421825,41.67663,P
29.579973,38.396835,P
31.248459,45.49458,P
31.975872,45.394787,P
33.70916,44.54861,P
31.417534,38.84527,P
26.87012,43.406986,P
26.193111,42.50702,P
25.541271,41.00248,P
25.47919,41.200462,P
34.084435,40.278618,P
29.03047,37.95403,P
33.203312,45.363018,P
31.234789,37.52438,P
31.245173,45.824,P
30.52854,45.305138,P
28.58302,45.676193,P
25.433706,41.692863,P
26.70336,42.631733,P
27.270746,42.995155,P
26.867289,42.998047,P
26.243822,42.593212,P
34.278217,39.251484,P
33.484737,45.137333,P
34.67287,40.712704,P
25.32082,40.49969,P
30.683165,37.925613,P
31.426544,45.6799,P
27.973835,45.013893,P
34.11814,40.772984,P
30.94127,38.14038,P
29.298548,45.504375,P
28.228464,44.605103,P
32.494255,45.07792,P
30.844847,45.983135,P
32.684532,39.46678,P
31.549976,45.280334,P
30.513708,45.371994,P
33.68132,39.751072,P
33.631927,39.865715,P
32.78586,38.510677,P
34.042038,39.97245,P
33.36135,38.61227,P
33.60887,39.387127,P
31.720726,38.353924,P
31.868937,38.550003,P
33.651974,45.048107,P
32.946274,45.30792,P
33.25919,45.262024,P
30.2515,44.95555,P
29.364716,44.647224,P
26.583311,43.417778,P
33.95692,39.96211,P
30.746056,38.035885,P
33.313343,45.259254,P
28.001822,42.681347,P
27.170218,42.776176,P
33.52442,39.71477,P
28.711206,38.74984,P
29.743114,44.70548,P
26.99678,43.921352,P
32.796165,40.091347,P
29.4322,38.281246,P
31.223747,37.679554,P
32.236496,38.209476,P
29.010136,38.580738,P
27.411346,44.610462,P
34.009544,41.552956,P
26.151258,41.493332,P
29.75157,44.253635,P
26.240166,43.857838,P
33.12256,39.385612,P
32.02826,38.48422,P
30.351683,38.87107,P
33.297966,45.14145,P
28.646639,45.580242,P
33.936157,40.073055,P
25.428785,40.11491,P
25.409248,41.102215,P
33.638767,39.52175,P
34.46765,41.621902,P
32.390606,39.494007,P
30.864601,45.444004,P
27.641375,42.941315,P
30.418604,45.02955,P
25.88938,41.977795,P
25.948019,41.591366,P
29.701445,44.815804,P
26.11306,41.926556,P
27.678831,42.986874,P
25.759281,41.70259,P
26.280056,42.201176,P
27.651667,43.001373,P
25.66187,41.941364,P
26.190493,41.63689,P
34.481388,41.25757,P
30.896317,38.455822,P
30.377348,37.57054,P
28.009035,45.276867,P
26.567001,42.531246,P
34.20352,41.453785,P
31.123625,37.95253,P
29.66175,45.523087,P
26.606558,42.28849,P
33.01297,39.78417,P
30.039696,37.854866,P
29.217365,45.700626,P
25.320057,40.696438,P
-1.986911,-30.732458,Q
-3.3164883,-30.390621,Q
-6.5933943,-35.072525,Q
-6.647542,-33.75662,Q
-2.5767868,-39.001564,Q
-6.5758076,-34.839066,Q
-2.9065938,-28.827682,Q
-6.50945,-35.281857,Q
-2.101616,-37.13091,Q
-1.9546791,-36.31468,Q
-6.3744936,-33.26738,Q
-3.0461261,-28.56267,Q
-2.4960923,-29.369629,Q
-2.1448643,-31.378986,Q
-3.3363767,-30.831255,Q
-1.8621253,-35.534004,Q
-2.521959,-37.102665,Q
-1.6307106,-36.03199,Q
-2.3509963,-37.83965,Q
-2.262035,-35.605778,Q
-2.263443,-33.829723,Q
-2.3493707,-33.48902,Q
-2.3038769,-33.246056,Q
-2.8965518,-30.51456,Q
-1.9740535,-32.72652,Q
-2.152437,-36.03509,Q
-1.8984617,-34.716473,Q
-2.0796745,-34.66824,Q
-1.9805788,-37.38631,Q
-2.4393466,-38.421356,Q
-6.6096473,-32.95036,Q
-17.202038,20.65223,Q
-3.326913,-29.891748,Q
-6.4637237,-35.584953,Q
-2.878958,-31.318855,Q
-6.619651,-34.43272,Q
-6.8206067,-33.604397,Q
-6.3138227,-32.756565,Q
-2.52766,-38.855602,Q
-2.8940964,-37.216248,Q
-2.080517,-36.45864,Q
-2.5329425,-38.52496,Q
-5.660679,-34.269657,Q
-2.9855554,-32.69915,Q
-3.08234,-29.549473,Q
-2.6026301,-30.787046,Q
-2.0455518,-30.984406,Q
-2.3543947,-32.904682,Q
-2.3784997,-38.09249,Q
-2.0746932,-36.2504,Q
-2.2369244,-36.684715,Q
-2.1921864,-35.55639,Q
-2.364851,-33.93576,Q
-2.9564903,-31.798626,Q
-3.239401,-30.242752,Q
-3.4494236,-28.892197,Q
-2.53265,-38.70866,Q
-2.6705308,-38.897823,Q
-6.741976,-33.68534,Q
-2.6264565,-39.052933,Q
-2.1533444,-37.93079,Q
-6.457041,-33.47726,Q
-6.2964816,-34.52275,Q
-1.9206448,-31.121742,Q
-1.6279349,-32.23025,Q
-1.9685826,-32.76255,Q
-3.7435064,-30.801794,Q
-6.8517303,-34.319756,Q
-3.889678,-29.526426,Q
-6.7013817,-34.77728,Q
-6.0691495,-34.524853,Q
-1.0359424,-32.840923,Q
-1.9297993,-34.83938,Q
-3.0459335,-32.376698,Q
-2.0472684,-32.105186,Q
-3.2506049,-29.449657,Q
-2.5442324,-33.37714,Q
-4.889432,-30.332674,Q
-6.3156734,-32.82943,Q
-6.165877,-34.489445,Q
-3.161496,-28.992823,Q
-6.7525206,-34.585663,Q
-3.068243,-28.749756,Q
-3.0340517,-29.178843,Q
-3.018023,-29.209509,Q
-1.9399005,-30.421574,Q
-2.4782045,-30.443655,Q
-2.1157556,-31.521639,Q
-2.5019672,-30.453249,Q
-6.4953036,-35.647648,Q
-2.8247411,-29.673925,Q
-1.0404395,-32.566124,Q
-2.1885817,-36.440166,Q
-2.141549,-35.59542,Q
-1.503632,-35.964558,Q
-4.8614163,-31.996418,Q
-1.4625877,-31.4361,Q
-2.0942829,-38.388226,Q
-2.6598728,-37.996197,Q
-2.604266,-37.94167,Q
-1.6835188,-37.20585,Q
-6.272918,-33.33682,Q
-2.5035145,-38.899967,Q
36.12262,-37.334846,R
32.611916,-36.000656,R
34.909412,-33.756557,R
36.73621,-40.83019,R
31.663866,-37.43441,R
37.030457,-39.68391,R
35.25048,-35.32197,R
36.442078,-40.55653,R
35.76341,-35.44177,R
37.380383,-42.750626,R
36.7894,-38.428635,R
37.5602,-41.90893,R
31.575485,-38.38295,R
35.78713,-35.84466,R
37.069897,-41.353577,R
31.404291,-37.61712,R
35.566956,-35.011112,R
37.063004,-40.688282,R
33.893177,-36.51832,R
32.02741,-36.537994,R
31.196024,-39.26527,R
37.00928,-39.618324,R
31.785456,-36.90555,R
35.948944,-35.620625,R
37.315304,-41.165596,R
35.971745,-36.08888,R
32.14677,-36.020775,R
31.38486,-39.9448,R
37.386612,-41.066074,R
31.217987,-38.853016,R
36.267986,-37.084503,R
32.285713,-36.15906,R
30.989597,-38.19774,R
36.06807,-37.318268,R
31.202154,-38.65744,R
36.146755,-36.39163,R
32.25953,-36.15831,R
31.028528,-38.39062,R
35.831886,-36.113678,R
37.785686,-41.95182,R
32.64734,-35.59141,R
34.87264,-33.69755,R
37.237698,-41.694473,R
31.254314,-38.93699,R
36.96566,-39.75523,R
31.69984,-38.37997,R
35.5121,-34.693684,R
37.003716,-38.959736,R
30.627192,-38.934357,R
30.936514,-38.357998,R
36.5137,-37.76249,R
30.657146,-38.66434,R
36.76733,-38.598133,R
33.745235,-35.43098,R
30.513338,-39.366356,R
36.04653,-36.302353,R
37.117565,-40.303078,R
33.280823,-36.37902,R
30.899473,-39.2221,R
36.543953,-41.16327,R
31.51203,-40.1149,R
36.835682,-39.23486,R
34.89817,-33.83524,R
37.139824,-41.8517,R
31.62104,-40.38239,R
36.332367,-40.407204,R
35.288147,-35.016262,R
36.011597,-40.809845,R
35.257694,-34.999695,R
36.546867,-37.351093,R
37.707127,-41.65858,R
31.062904,-39.430294,R
36.789253,-41.279633,R
35.62235,-34.978867,R
37.279537,-42.02522,R
31.390495,-39.623066,R
36.53633,-37.400528,R
31.492353,-37.501842,R
35.323807,-35.349873,R
37.584213,-41.861427,R
31.68429,-40.52904,R
37.50097,-41.978554,R
31.28252,-37.79932,R
35.266323,-34.677048,R
37.064667,-41.66523,R
35.044075,-33.89481,R
36.61948,-40.727325,R
31.237259,-39.810932,R
36.037064,-35.850956,R
32.609177,-35.609703,R
31.329458,-39.968235,R
36.50586,-37.348965,R
31.829065,-36.950287,R
35.9043,-35.389263,R
37.155006,-40.721893,R
32.39274,-36.226048,R
34.8418,-33.727726,R
36.72567,-38.07308,R
32.441887,-35.718273,R
35.030247,-33.967358,R
-35.265182,-30.688513,S
-41.361,-38.47153,S
-34.863987,-31.571655,S
-43.161076,-34.813072,S
-39.607815,-30.602804,S
-43.11187,-34.528423,S
-39.363705,-30.692211,S
-34.99967,-31.528427,S
-43.205658,-34.463223,S
-36.135983,-30.590227,S
-41.369354,-38.64248,S
-42.370598,-34.052597,S
-41.2881,-31.71435,S
-34.73586,-30.838675,S
-42.495728,-36.18024,S
-39.313477,-30.472261,S
-41.65981,-38.526115,S
-34.278996,-31.604622,S
-40.768955,-30.850916,S
-37.044403,-30.472195,S
-43.33812,-37.143387,S
-38.10996,-30.533316,S
-42.629692,-36.061253,S
-40.584366,-31.203646,S
-42.91895,-34.063538,S
-37.55533,-30.894543,S
-42.368797,-37.69581,S
-34.742966,-31.39071,S
-40.022747,-30.622066,S
-33.97503,-31.446138,S
-42.27066,-38.867043,S
-37.217068,-30.692812,S
-42.236897,-37.649673,S
-34.336384,-31.412943,S
-42.2909,-37.702473,S
-41.897995,-38.45358,S
-34.93302,-30.973564,S
-42.172836,-37.755314,S
-35.414974,-31.235933,S
-42.93845,-34.719196,S
-41.530624,-38.591442,S
-35.546368,-31.510054,S
-43.224247,-34.162865,S
-42.205753,-37.94831,S
-35.754456,-31.2063,S
-41.062218,-38.503223,S
-34.936855,-31.587555,S
-42.0052,-38.274654,S
-37.371452,-30.429373,S
-42.556667,-37.57023,S
-40.639374,-30.928276,S
-34.831684,-31.014124,S
-39.764854,-30.872324,S
-42.83416,-33.668022,S
-39.803314,-30.733429,S
-42.646282,-34.149506,S
-41.197083,-38.603455,S
-33.995495,-31.40709,S
-40.46993,-30.81443,S
-35.25559,-30.923094,S
-41.47613,-38.279167,S
-34.805775,-31.13975,S
-41.3826,-38.426353,S
-42.778633,-33.385876,S
-40.40247,-30.59919,S
-34.338814,-30.973833,S
-40.30413,-30.756716,S
-42.77236,-35.36179,S
-37.62133,-30.747517,S
-42.035843,-37.3567,S
-37.976864,-30.589993,S
-43.21537,-34.716675,S
-41.100616,-31.28392,S
-42.394093,-32.988106,S
-38.52558,-30.567661,S
-37.924355,-30.735075,S
-42.886536,-34.780853,S
-39.98353,-30.615723,S
-34.030315,-31.190723,S
-40.560112,-31.151579,S
-42.801792,-33.535713,S
-37.65348,-30.432438,S
-41.90365,-37.448586,S
-42.55602,-33.60295,S
-42.276535,-36.828987,S
-42.76538,-33.88627,S
-41.924686,-37.76495,S
-38.971497,-30.848291,S
-42.523922,-33.876858,S
-37.582928,-30.652758,S
-42.442936,-34.19808,S
-38.68755,-30.748137,S
-42.528927,-35.222454,S
-37.844788,-30.468723,S
-42.220634,-37.38919,S
-35.813637,-30.580908,S
-42.341476,-38.05972,S
-34.918312,-31.117466,S
-41.73736,-38.49317,S
-34.505398,-31.255882,S
47.588665,2.8857965,T
48.067406,2.6805017,T
53.983517,-0.44750294,T
48.520695,2.3346725,T
50.78622,1.0989279,T
53.74869,-0.26320422,T
59.271984,-1.0581098,T
58.367813,-1.1887347,T
58.996353,-1.1247394,T
51.492462,4.6514893,T
44.772045,5.1339316,T
44.887524,5.2558475,T
45.90794,4.3734083,T
47.17357,3.3998542,T
44.278843,5.8595166,T
47.18939,3.3901849,T
49.27492,1.9303397,T
45.528732,4.424465,T
49.5993,1.7063148,T
53.677017,-0.5520324,T
52.200718,0.58419037,T
57.671585,-1.2228724,T
52.861343,6.4787707,T
42.77807,7.5668807,T
46.45575,3.803841,T
50.63419,1.2942375,T
54.825005,-0.6572206,T
57.807163,-1.5321082,T
58.902943,-1.0969982,T
59.296017,-0.9726898,T
42.749687,8.08681,T
45.056694,4.081168,T
58.887627,-1.139227,T
42.62007,7.8273635,T
43.90108,9.657082,T
43.522335,9.264206,T
49.00008,2.1576147,T
54.282276,-0.8563285,T
54.096832,0.36155576,T
53.073296,0.41740704,T
57.119347,-1.179379,T
42.65256,8.424313,T
42.995083,7.4003553,T
42.97258,7.283773,T
44.24657,5.4299016,T
44.89368,4.8403454,T
49.61808,1.6974435,T
54.113552,-0.3064296,T
59.44402,-1.0638856,T
43.680798,6.49823,T
44.53471,5.4773636,T
52.81481,0.32161084,T
59.282593,-1.0966215,T
46.625786,3.7605603,T
44.35546,5.7058144,T
51.487236,0.80906385,T
55.410915,-0.72904235,T
54.26271,-0.16262859,T
53.89998,-0.08785266,T
55.49304,-0.7290128,T
56.078262,-0.9280529,T
42.696434,8.370319,T
44.040005,5.708337,T
47.298164,3.2659466,T
53.01184,0.27186885,T
58.578075,-1.114285,T
42.8252,7.6190076,T
45.80699,4.424198,T
50.055893,1.638328,T
58.040134,-1.3061286,T
52.99591,6.476452,T
42.747845,7.9428115,T
53.067444,6.431944,T
42.591324,8.166996,T
43.12306,7.217879,T
47.921524,2.6829667,T
53.7849,0.28126374,T
59.06085,-1.0380559,T
57.868282,-1.3121891,T
52.289318,4.145849,T
43.562927,6.3360863,T
46.63912,3.7978964,T
48.798798,2.3470137,T
53.657257,0.038355786,T
42.762573,7.883008,T
53.124573,6.375536,T
51.633987,0.67415524,T
57.088814,-1.2430782,T
59.398006,-0.9968067,T
43.277576,7.0729804,T
47.382412,3.149975,T
54.101524,-0.067343146,T
56.370026,-1.0097431,T
59.240665,-1.1443236,T
42.80397,7.467997,T
42.926353,7.5312757,T
47.303574,3.222026,T
55.11742,-0.7233885,T
57.9666,-1.1817675,T
52.94732,6.4919786,T
-44.456528,23.587185,U
-41.197124,22.017467,U
-48.074627,18.050999,U
-44.350014,18.224016,U
-49.890263,19.42342,U
-42.557224,23.850018,U
-48.006218,18.542107,U
-46.129284,23.466915,U
-41.456314,22.041706,U
-46.311096,17.925438,U
-46.538387,23.058996,U
-43.518055,23.376692,U
-41.315613,21.354692,U
-46.46955,17.701612,U
-43.13138,23.663584,U
-47.82089,18.206133,U
-42.99215,19.035597,U
-49.46147,19.154749,U
-47.357967,17.426872,U
-42.58707,19.44623,U
-41.51167,21.83386,U
-44.408607,18.233593,U
-45.609516,23.683182,U
-42.729023,22.578669,U
-46.944923,18.368889,U
-42.377804,22.872364,U
-46.741684,18.124243,U
-49.597607,19.078148,U
-43.699448,18.675072,U
-41.719475,22.638252,U
-42.323795,19.87238,U
-47.9504,18.795057,U
-41.321087,22.371372,U
-41.538612,21.079498,U
-43.35054,18.899534,U
-48.59574,18.825205,U
-45.4996,23.75325,U
-48.25835,18.57848,U
-44.016144,23.819113,U
-46.280262,18.366747,U
-41.25016,21.596725,U
-46.879745,18.57031,U
-44.01906,23.588167,U
-44.789356,18.207405,U
-43.233738,22.836002,U
-41.407684,21.538387,U
-47.479355,18.502945,U
-45.617195,23.701412,U
-42.895836,23.311611,U
-45.473064,18.04746,U
-45.911087,23.61148,U
-45.12637,23.66548,U
-47.954773,19.430082,U
-44.62289,23.668837,U
-41.467026,21.492561,U
-47.05244,18.389864,U
-42.97546,22.989902,U
-42.686584,19.362476,U
-46.869522,17.749268,U
-45.956543,23.478045,U
-49.74211,19.101994,U
-43.241657,24.272816,U
-49.55327,18.746777,U
-47.05781,18.075838,U
-42.662937,23.777502,U
-46.66807,17.992775,U
-46.56891,23.079826,U
-42.025333,22.636206,U
-43.895763,18.513689,U
-47.09764,17.997604,U
-44.69691,18.061998,U
-43.91698,23.627083,U
-48.53167,18.892393,U
-45.7858,23.641855,U
-49.756256,19.1654,U
-42.762787,23.159819,U
-48.088463,18.478203,U
-45.987705,17.868954,U
-44.44012,23.714739,U
-49.812813,19.057917,U
-45.25005,18.001371,U
-41.969025,23.363384,U
-49.18627,18.48697,U
-43.595963,18.751867,U
-50.08464,19.466408,U
-44.328526,18.481747,U
-41.61161,22.493822,U
-47.54256,17.915854,U
-43.60287,23.644407,U
-41.560863,21.52111,U
-45.325687,18.231129,U
-43.215187,23.463026,U
-47.358437,18.532213,U
-50.193462,19.65648,U
-44.770493,18.332748,U
-42.190838,23.066126,U
-44.02584,18.428217,U
-50.14234,19.517208,U
-42.619038,19.43353,U
-43.634243,22.056498,U
-30.11585,-7.1423116,V
-37.980114,0.15460892,V
-32.205254,0.90779865,V
-30.43529,-7.647443,V
-30.358414,-7.577385,V
-37.86484,0.037074167,V
-30.155153,-2.1634755,V
-30.904774,-4.387467,V
-30.590576,-5.9044943,V
-30.556292,-6.351243,V
-30.289934,-5.4319386,V
-37.969925,0.5690897,V
-31.80729,-1.2213327,V
-31.56407,-0.6743832,V
-30.343851,-5.6765146,V
-37.551952,0.97676015,V
-38.27375,-0.026641108,V
-30.180735,-2.1919096,V
-30.36793,-7.29694,V
-38.12212,-0.32366285,V
-32.270447,1.0082426,V
-37.8031,-0.26822156,V
-30.716974,-1.8598169,V
-35.66383,1.5868254,V
-37.079334,1.6296155,V
-30.334875,-1.4847468,V
-30.2648,-6.591533,V
-30.578772,-5.8738933,V
-36.361553,1.3937886,V
-36.66492,2.0759733,V
-37.96887,-0.07257331,V
-38.325226,-0.17895702,V
-31.059675,-2.4570417,V
-30.331173,-5.5533595,V
-30.356695,-6.9233904,V
-30.328186,-7.361128,V
-36.81165,2.4160743,V
-37.383812,0.6326948,V
-31.35146,-0.4111023,V
-30.877844,-3.492881,V
-30.283014,-6.1370125,V
-36.38105,2.2519848,V
-36.8451,1.926356,V
-37.785263,0.9720609,V
-38.01614,0.34909925,V
-31.531248,0.10173118,V
-30.441164,-3.7101002,V
-37.548306,0.5434667,V
-37.899647,0.23602867,V
-31.115396,-1.7479686,V
-31.798182,-1.1478595,V
-30.951496,-3.451417,V
-37.114864,0.05885211,V
-30.35855,-4.2658095,V
-35.84036,1.5079421,V
-31.70185,0.32676664,V
-31.478079,-0.2909695,V
-31.314003,-1.9785062,V
-30.614159,-5.431314,V
-36.08747,1.7399358,V
-37.667446,-0.04119399,V
-30.619764,-3.2713711,V
-30.224787,-7.346962,V
-37.100937,2.0008714,V
-31.534288,-1.4595791,V
-30.749256,-5.030787,V
-30.797726,-2.6113446,V
-32.05152,-1.6648054,V
-31.125166,-2.0790393,V
-36.77049,0.4507335,V
-30.77195,0.75851154,V
-31.60819,0.6410871,V
-31.26336,0.14256468,V
-31.610603,-1.3258554,V
-30.707418,-3.56826,V
-29.656693,-6.8018174,V
-30.263233,-7.4125752,V
-37.073677,1.166781,V
-31.56459,0.29170972,V
-31.235443,-0.6882622,V
-30.440014,-3.8355389,V
-36.695156,1.3688922,V
-31.012175,-0.60632414,V
-30.428705,-5.2563996,V
-36.4787,2.1392689,V
-36.775143,-0.25882047,V
-31.659555,0.24782602,V
-31.331148,-0.12299853,V
-30.729406,-4.0695367,V
-30.264664,-6.4462347,V
-36.271854,2.003528,V
-31.053368,-1.2966603,V
-30.87999,-3.3900046,V
-30.730268,-4.793353,V
-30.09189,-5.709579,V
-32.10604,-1.5634103,V
-29.361855,-5.1955166,V
-30.308937,-7.1548753,V
-37.86392,1.0280331,V
-35.507248,2.0801435,V
-38.204815,0.2688361,V
16.905815,-20.748476,W
16.4353,-20.402763,W
12.292759,-19.230629,W
16.818987,-26.39079,W
12.678584,-27.621168,W
16.856258,-20.74266,W
11.653499,-19.615356,W
17.623953,-25.897457,W
11.671262,-27.209324,W
12.547002,-19.445198,W
18.71467,-25.46173,W
14.025742,-26.168964,W
13.243431,-18.751644,W
17.900429,-25.953058,W
13.027406,-27.293468,W
14.964263,-19.58493,W
11.109081,-20.314516,W
11.168485,-27.039396,W
18.268787,-25.451977,W
12.054575,-26.34308,W
19.365864,-24.81802,W
14.035938,-26.808325,W
16.035986,-20.080887,W
16.53505,-25.442211,W
10.923613,-27.196423,W
18.942356,-23.796051,W
10.824403,-27.05897,W
19.292334,-25.076727,W
11.522393,-25.813093,W
11.459084,-19.19139,W
16.600653,-26.147913,W
9.936011,-26.987473,W
10.829663,-20.010468,W
12.730102,-27.69367,W
15.633847,-19.82602,W
12.208934,-18.721458,W
16.232529,-26.611238,W
15.420157,-19.704422,W
10.289842,-20.076748,W
12.807159,-26.578081,W
13.021136,-18.865929,W
10.790617,-26.501139,W
11.092406,-19.422716,W
11.663628,-26.300152,W
10.953393,-19.607847,W
19.011518,-25.608984,W
12.758461,-26.006718,W
10.373597,-20.349909,W
17.224268,-26.54148,W
12.104952,-25.462463,W
10.629592,-19.685562,W
16.958656,-25.401379,W
16.42286,-26.625504,W
12.047666,-26.914852,W
12.421057,-19.103212,W
17.983414,-25.43612,W
16.366352,-20.325394,W
13.202537,-19.573338,W
14.574639,-26.734238,W
14.986478,-19.50197,W
10.6784525,-20.18915,W
14.404547,-26.006649,W
13.557191,-19.381338,W
18.931969,-25.433254,W
13.300866,-27.12388,W
13.987491,-18.677395,W
11.548673,-26.888763,W
16.153502,-20.074484,W
19.534157,-24.538618,W
11.991676,-26.043945,W
11.077485,-19.871584,W
15.579334,-26.831774,W
12.259287,-27.515974,W
10.033774,-26.994343,W
15.94142,-25.881205,W
16.036623,-25.35294,W
12.75409,-19.723476,W
18.523449,-25.175299,W
19.209229,-25.76136,W
12.986641,-26.98325,W
19.188574,-25.043444,W
15.332941,-26.835459,W
10.875653,-27.375454,W
10.125951,-20.104782,W
17.225216,-25.470987,W
10.714789,-19.19897,W
14.864633,-19.049751,W
10.16476,-20.668842,W
12.575616,-26.967035,W
18.794893,-24.776922,W
15.622032,-27.013723,W
14.699235,-19.214207,W
12.237696,-20.00428,W
13.269178,-19.859669,W
17.64252,-26.105074,W
12.362129,-27.464163,W
13.471294,-19.405409,W
19.429531,-25.069473,W
13.701214,-19.656702,W
17.688477,-25.899466,W
15.150921,-19.702724,W
10.438697,-20.098707,W
15.961993,-26.692768,W
16.386333,-20.311108,W
16.118834,-20.126492,W
10.811057,-19.972366,W
17.1174,-25.945402,W
12.693401,-27.581373,W
11.617829,-27.347555,W
11.042043,-27.253595,W
14.95845,-19.667543,W
13.7976465,-18.65574,W
17.2416,-26.091808,W
13.096538,-19.298412,W
18.24705,-25.53106,W
15.813787,-19.91499,W
11.305845,-19.80236,W
9.878795,-26.95917,W
16.566324,-25.85605,W
9.840998,-26.988636,W
12.58502,-19.888388,W
18.144514,-25.626057,W
11.366184,-26.434092,W
13.190719,-19.479273,W
18.755749,-24.734518,W
-50.853245,-16.867344,X
-51.416405,-16.230024,X
-45.744495,-14.752586,X
-51.64044,-16.343418,X
-47.13809,-13.263266,X
-47.412804,-13.447854,X
-47.68393,-14.146468,X
-46.389057,-14.571439,X
-47.29112,-13.167898,X
-46.930702,-14.291733,X
-46.901752,-13.010482,X
-49.860504,-12.47336,X
-49.037483,-12.426503,X
-50.923134,-12.468592,X
-49.03265,-16.462416,X
-51.410233,-15.669869,X
-46.663143,-13.516409,X
-48.984325,-12.789744,X
-49.23091,-13.071809,X
-50.30996,-12.29353,X
-48.10551,-16.179066,X
-49.7295,-16.69863,X
-50.035843,-16.955114,X
-50.899292,-15.858056,X
-49.476902,-11.769123,X
-51.029602,-12.25741,X
-51.946556,-13.948341,X
-49.249626,-12.486578,X
-51.020714,-12.525219,X
-46.367233,-13.723652,X
-48.24482,-13.603906,X
-47.312386,-14.988863,X
-47.46943,-13.225902,X
-47.37833,-14.579657,X
-47.58214,-13.939582,X
-46.56917,-14.760737,X
-46.633667,-14.748756,X
-46.50227,-14.065834,X
-46.09452,-14.723962,X
-48.490547,-16.144567,X
-50.485214,-16.835875,X
-51.138546,-16.794598,X
-51.140007,-16.607185,X
-51.69547,-15.988713,X
-51.814713,-13.197642,X
-50.28057,-16.67081,X
-49.742355,-16.9454,X
-50.636024,-16.260103,X
-45.660343,-14.715325,X
-51.822285,-14.614417,X
-45.91799,-14.568385,X
-46.74357,-14.113559,X
-45.948612,-14.554958,X
-52.066013,-15.73079,X
-51.436447,-16.1562,X
-50.81583,-17.240257,X
-51.140915,-12.950533,X
-50.662113,-15.740874,X
-50.887863,-16.736942,X
-46.11817,-14.141764,X
-50.843464,-12.565456,X
-50.437145,-12.544385,X
-51.058372,-12.273911,X
-51.222084,-12.4213295,X
-51.43367,-16.366041,X
-51.351128,-16.433676,X
-50.381893,-16.581646,X
-45.930084,-14.216784,X
-47.478226,-13.241309,X
-49.050114,-13.274631,X
-46.75306,-14.554538,X
-49.374855,-12.194186,X
-49.837925,-16.790186,X
-51.380013,-14.977117,X
-51.08372,-12.32925,X
-49.889324,-16.484701,X
-51.785873,-13.519228,X
-48.803123,-12.964077,X
-50.07201,-12.5638075,X
-21.121973,-15.962837,Y
-16.982004,-21.509344,Y
-21.793764,-16.528917,Y
-20.42346,-49.889694,Y
-17.16624,-19.76945,Y
-16.61761,-20.909393,Y
-17.474522,-21.252096,Y
-16.726362,-20.701372,Y
-22.966604,-21.469215,Y
-17.89074,-22.8522,Y
-19.07627,-23.317886,Y
-19.409239,-16.026527,Y
-19.264584,-15.990718,Y
-19.922081,-15.992356,Y
-20.20222,-16.492805,Y
-19.890076,-18.042768,Y
-21.66331,-17.964499,Y
-21.40233,-17.132359,Y
-21.001793,-22.750942,Y
-19.263062,-23.115267,Y
-19.114162,-16.76002,Y
-20.177788,-23.318878,Y
-18.161905,-22.37726,Y
-17.450863,-20.621496,Y
-17.609175,-20.275793,Y
-18.859043,-16.199324,Y
-19.029203,-16.788885,Y
-22.74339,-18.69985,Y
-22.535976,-19.724081,Y
-23.20805,-20.409937,Y
-18.008362,-22.559076,Y
-20.790653,-23.196432,Y
-20.453114,-17.143175,Y
-22.09581,-19.164265,Y
-23.046833,-20.25713,Y
-18.502487,-22.536272,Y
-19.07841,-16.577803,Y
-20.359072,-17.445978,Y
-22.135883,-19.231663,Y
-22.919691,-20.888363,Y
-17.592262,-20.857172,Y
-17.928368,-21.628195,Y
-18.708567,-23.075022,Y
-20.388062,-23.553253,Y
-20.184614,-17.680027,Y
-21.406076,-17.727299,Y
-22.679583,-20.736042,Y
-17.34408,-20.135061,Y
-17.698112,-21.62841,Y
-18.993223,-22.85748,Y
-17.98897,-21.618006,Y
-20.866827,-18.694809,Y
-22.289833,-18.633314,Y
-23.160696,-19.044634,Y
-23.061481,-19.422289,Y
-22.917469,-19.465408,Y
-22.656378,-19.003819,Y
-22.96333,-19.138111,Y
-20.967415,-17.075666,Y
-20.721962,-17.029766,Y
-19.36587,-20.635815,Y
-17.381498,-20.231995,Y
-17.36398,-20.228943,Y
-17.88122,-22.679174,Y
-19.23119,-16.415058,Y
-20.652588,-16.900652,Y
-19.367834,-17.058558,Y
-22.391514,-18.877644,Y
-22.458578,-20.023829,Y
-17.492374,-20.582523,Y
-23.536648,-19.144888,Y
-20.111673,-22.5971,Y
-19.619076,-23.01492,Y
-18.221943,-22.163017,Y
-18.74497,-22.441086,Y
-17.42153,-19.900139,Y
-22.689814,-21.179173,Y
-18.25483,-22.304918,Y
-19.865025,-23.337517,Y
-20.987421,-23.473875,Y
-20.3969,-17.262222,Y
-21.888227,-18.364313,Y
-22.532642,-19.409742,Y
-21.33528,-17.392534,Y
-22.089638,-18.751217,Y
-22.854525,-21.094654,Y
-18.127045,-22.093496,Y
-19.338026,-23.085669,Y
-19.772022,-17.165836,Y
-22.121666,-18.929232,Y
-22.928885,-20.134977,Y
-22.452179,-17.771864,Y
-22.59362,-23.08808,Y
-20.906614,-23.333757,Y
-19.916199,-16.216595,Y
-21.715921,-23.345573,Y
-21.41138,-23.453148,Y
-22.35616,-23.181482,Y
-20.766207,-23.469715,Y
-18.220057,-21.636759,Y
9.537004,-51.54709,Z
13.461466,-52.43678,Z
9.754483,-56.265648,Z
13.78435,-58.363438,Z
10.612968,-50.916386,Z
8.967785,-54.96474,Z
13.308669,-57.430008,Z
9.148697,-55.206318,Z
13.065409,-58.34226,Z
13.8022995,-58.31713,Z
13.443369,-52.75451,Z
8.845884,-55.190937,Z
9.896672,-56.109566,Z
13.279276,-57.657417,Z
14.361883,-53.49966,Z
10.203777,-56.84409,Z
13.04168,-58.62589,Z
10.302376,-51.174614,Z
14.138192,-54.032692,Z
10.658171,-56.43389,Z
14.1169615,-58.08659,Z
14.52171,-54.207565,Z
13.5305195,-57.608013,Z
8.970401,-54.92473,Z
12.688613,-51.007954,Z
11.085297,-57.154625,Z
11.893512,-51.3514,Z
12.10915,-57.460953,Z
12.76267,-51.664158,Z
11.505081,-57.036564,Z
11.14253,-51.2326,Z
10.243837,-56.402218,Z
10.595967,-51.039665,Z
8.954215,-54.772644,Z
14.07716,-58.198902,Z
11.401394,-56.994476,Z
11.747247,-50.98459,Z
10.400396,-56.60901,Z
10.243676,-51.11824,Z
9.266442,-52.759605,Z
12.342592,-57.69265,Z
10.313726,-51.2723,Z
13.561498,-53.54909,Z
9.117211,-54.953533,Z
11.52199,-51.050224,Z
10.955871,-56.846584,Z
11.55469,-51.262714,Z
9.121621,-54.717182,Z
12.861119,-58.36753,Z
12.848821,-51.859898,Z
10.644654,-57.14488,Z
9.0975065,-51.91962,Z
12.660653,-51.51673,Z
8.804307,-54.484562,Z
11.86452,-57.411144,Z
8.98766,-51.8161,Z
10.778209,-51.142708,Z
8.786056,-53.698467,Z
9.970297,-51.23729,Z
13.028798,-51.48526,Z
11.86381,-57.336773,Z
14.303227,-53.598324,Z
11.389954,-55.804123,Z
8.849981,-54.85592,Z
8.545698,-51.58449,Z
8.62851,-52.578465,Z
13.453859,-58.396812,Z
11.60292,-51.477726,Z
8.790408,-54.605507,Z
13.273061,-57.97172,Z
13.421501,-52.202705,Z
13.267372,-57.86624,Z
8.772377,-53.583443,Z
10.21341,-51.13904,Z
9.580867,-55.768448,Z
12.172857,-51.1989,Z
11.613044,-56.873756,Z
8.6902,-53.500446,Z
13.119962,-57.947983,Z
13.465483,-52.1485,Z
13.260465,-51.79866,Z
14.376291,-54.137604,Z
12.715481,-57.426613,Z
14.36076,-53.40725,Z
13.295867,-57.94319,Z
13.581998,-52.461155,Z
10.913285,-57.48419,Z
10.169553,-51.13447,Z
13.527163,-52.622116,Z
10.595282,-57.427185,Z
11.955825,-50.786907,Z
13.051335,-57.81766,Z
14.304831,-53.259735,Z
14.227961,-55.21865,Z
10.39142,-57.281433,Z
9.612057,-51.99325,Z
8.48158,-52.147804,Z
8.273929,-51.69835,Z
11.466938,-51.768353,Z
12.888093,-51.93407,Z
