tsne_1,tsne_2,tsne_3,label
5.094889,7.9027934,17.52707,A
5.0961723,7.757886,17.82353,A
5.0992084,7.7043347,17.91625,A
5.0977397,7.657196,18.03151,A
5.102229,7.545256,18.169786,A
5.0362344,7.3708243,18.523241,A
5.1300206,7.2613177,18.588491,A
5.017223,7.2410603,18.870928,A
4.9571505,7.1981835,18.979052,A
5.0194974,6.961881,18.824675,A
5.1091785,6.6952744,18.642017,A
5.076929,6.5223503,18.963013,A
4.991548,6.947853,19.090803,A
5.0036764,7.246879,19.095736,A
4.8641634,6.0217366,19.22407,A
4.837427,6.0813904,19.35876,A
4.879794,6.50565,18.9147,A
4.6125517,6.3303432,19.838964,A
4.3156295,6.415067,20.013762,A
4.580049,6.304987,19.517324,A
4.790308,4.981665,19.336983,A
4.084343,5.98859,19.658716,A
3.20281,6.266471,20.075905,A
3.484373,6.2189226,19.803959,A
3.5811644,6.432316,19.543304,A
3.796022,6.0051627,19.749496,A
3.941739,6.226598,19.268703,A
3.7570279,5.7122655,20.120296,A
3.8076255,5.5466385,19.674143,A
3.7115905,4.9524846,19.635077,A
3.735476,4.894997,19.667141,A
3.6576223,5.569778,19.743387,A
2.7934732,4.426975,20.060688,A
3.6620092,4.8731728,19.643797,A
3.948675,4.3604703,19.452665,A
1.950365,4.9922647,19.930853,A
1.7384664,5.33474,20.27444,A
1.7800351,5.2864375,20.78412,A
1.6452914,5.1875944,20.386065,A
1.8960024,4.992737,20.985065,A
1.708347,5.2023187,21.08893,A
2.7819698,4.3425164,19.883873,A
2.5700197,4.807012,20.342442,A
2.3530028,4.422333,19.946423,A
2.6801758,4.349055,19.987606,A
2.6432602,4.1608624,19.996315,A
2.6304357,4.401121,20.032497,A
1.5161921,4.970132,20.207842,A
0.66376585,5.145316,20.462442,A
1.5531726,3.8227093,21.343342,A
0.64987135,5.0352135,20.41132,A
1.1963985,4.7070155,21.294647,A
1.6300254,4.0184426,21.360006,A
0.2807223,3.5211542,22.005348,A
0.9755847,4.3468103,21.469173,A
0.6404675,4.1568704,21.608927,A
0.5281916,3.0379093,21.822363,A
0.84893745,3.1933851,21.62515,A
0.9601,3.3932753,20.615318,A
-0.9768064,4.5841312,20.156248,A
-0.30215627,4.54302,21.632517,A
-0.08523301,3.5723774,21.885258,A
-0.9871695,4.4925866,21.529696,A
-0.93050706,3.208207,20.525982,A
-0.7345221,4.5049734,20.18621,A
-1.1070528,4.594805,20.56106,A
-0.7616241,4.177054,20.136248,A
-1.1531098,4.3859897,20.766922,A
-1.161753,4.156653,20.476355,A
-0.8107345,1.8088903,22.937193,A
-0.9861392,2.7115488,20.804016,A
-0.43893787,3.0879445,20.459904,A
-0.048607953,2.363121,22.15983,A
-0.3848204,4.003462,20.21585,A
0.07258617,2.5373168,20.536936,A
-0.32289928,2.7078965,20.570717,A
-1.0264021,4.3898377,20.267326,A
-0.6755453,3.1721032,20.534842,A
0.17626978,3.2571304,22.043041,A
-0.80906755,4.625469,21.559513,A
-0.044257283,1.8360548,22.297325,A
-0.18992464,2.0594227,22.285522,A
-0.26411343,2.5762973,22.189259,A
0.0118933115,1.8464477,22.285444,A
-0.60825,3.6991484,22.270676,A
-0.22866507,1.952061,22.360249,A
-1.2125782,3.6797142,20.53478,A
-1.1003948,1.6810623,22.942266,A
-0.09019384,2.833041,22.048029,A
-1.3408356,2.4338636,21.16425,A
-1.6461025,3.4972334,23.208576,A
-0.25856644,2.953918,22.686861,A
-0.95536166,4.3121166,20.7286,A
-0.8103152,1.8940912,22.495104,A
-1.7433258,2.2205496,22.974546,A
-1.9058851,2.5757465,22.87496,A
-0.9770207,0.8875442,22.625017,A
-0.8142168,1.9305701,22.869234,A
-2.0097795,2.940317,22.62927,A
-1.6337527,2.02136,22.911564,A
-1.189752,2.9408858,23.124828,A
-1.7531661,2.4739106,23.088982,A
-2.018486,2.1737657,23.000284,A
-2.4308505,2.0916781,23.06387,A
-2.0475466,1.7514274,23.04445,A
-2.072481,2.0540361,23.014816,A
-1.3123655,1.191815,22.727528,A
-1.311344,2.1110992,22.96078,A
-0.75948477,2.1105115,22.645395,A
-0.4761223,3.6737251,22.229944,A
4.6785617,19.271744,-4.3280888,B
4.9814405,19.534122,-4.0591083,B
5.112447,19.60619,-3.9250703,B
5.119849,19.624588,-3.9274638,B
5.117824,19.57424,-3.911123,B
4.1426935,18.396988,-4.595187,B
4.1281495,18.27268,-4.6329646,B
4.2095466,18.062069,-4.703404,B
4.247397,17.960815,-4.7313886,B
3.8508532,17.888416,-4.5586104,B
4.547967,17.281517,-4.6583734,B
4.177715,16.99941,-4.202184,B
4.477069,16.7864,-4.6068788,B
3.647274,17.088955,-3.3618097,B
5.084499,16.74287,-4.031384,B
5.062062,17.37392,-1.8151863,B
5.0890822,17.193048,-2.8111017,B
4.0770864,17.436611,-1.9062618,B
5.3525343,18.111902,-2.2970316,B
5.936831,18.318508,-2.4156046,B
5.6799026,19.26458,-3.004633,B
5.286945,16.823568,-4.3887258,B
3.5571406,16.38204,-2.5396183,B
6.4577365,16.809603,-1.9465268,B
5.4096026,16.046236,-3.6122262,B
4.3066196,15.660318,-3.2338667,B
5.0870957,16.722336,-1.9808161,B
4.2862926,15.836706,-1.9183562,B
5.8108397,17.141191,-2.078261,B
6.3488393,17.279299,-1.9598434,B
5.8735986,18.687819,-2.4143863,B
5.8483744,18.829208,-2.4994516,B
5.779303,18.824724,-2.573963,B
5.828727,18.860603,-2.5115263,B
5.798361,17.735073,-2.8658528,B
4.8953843,17.173103,-3.0539567,B
3.2552512,15.233911,-3.5979702,B
4.1558924,15.387151,-4.0730166,B
3.3007567,15.163622,-3.5671155,B
3.6134763,15.085341,-3.7175932,B
3.75613,15.048568,-3.967366,B
7.775959,13.296166,0.489185,B
6.351889,13.73199,0.034272376,B
7.788203,14.231034,-0.023786573,B
7.663191,13.382131,0.28598484,B
8.150879,13.373227,0.06708067,B
8.160425,14.0181265,-0.4091857,B
7.7234464,14.455007,-0.41750735,B
7.266119,13.907465,-0.7044305,B
7.435988,13.911468,-0.7809735,B
7.657812,13.37962,0.3162522,B
6.0990057,13.948437,-0.16772215,B
6.977517,14.855124,0.29113036,B
7.0746074,14.96742,0.2933319,B
7.2893205,13.207452,-0.128606,B
6.973165,13.669708,-0.41963091,B
6.9854407,13.131411,0.12865646,B
7.445531,14.259548,0.16615191,B
7.4081106,14.448254,0.22620748,B
6.188167,13.924372,-0.26134723,B
6.1427846,13.82112,-0.20814559,B
6.15211,13.464417,-0.51539177,B
6.682067,13.766265,-0.9572471,B
6.706338,14.247658,0.87243134,B
6.961054,13.252141,-0.41297835,B
6.268709,14.193691,-0.8539972,B
6.5569987,14.394584,-1.4597403,B
5.6500177,14.530083,-1.2669636,B
7.898807,14.421388,-0.70417035,B
7.4361954,14.96627,-0.69335574,B
7.091271,15.339841,-0.4047659,B
5.2203617,14.808342,-1.3927612,B
4.8908095,14.576783,-1.0946761,B
6.239227,14.717138,-1.4827179,B
4.6271334,14.8248415,-0.5224708,B
4.9740467,14.90716,-1.5799038,B
6.4339375,14.984049,-2.1507494,B
5.767662,15.261938,-2.0044324,B
5.0058904,15.085465,-1.5193899,B
6.3556747,15.125534,-2.2996461,B
4.7780795,15.265457,-1.5429692,B
5.0201273,15.133451,-3.0605166,B
6.2581506,15.260643,-2.3383093,B
6.23449,15.313288,-2.4782486,B
4.5690546,15.939792,-2.2049937,B
4.942938,15.603972,-2.0293498,B
6.211404,16.92078,-1.9161673,B
5.297672,16.115341,-3.3290336,B
6.3588605,16.842503,-1.8725678,B
5.6003966,16.11598,-3.6460578,B
5.2174954,16.162025,-3.2573955,B
4.833843,16.332403,-2.736421,B
6.131361,17.104395,-2.0809395,B
5.223984,16.296137,-3.4544082,B
4.425339,15.999428,-2.8292248,B
3.963824,16.009033,-2.6494398,B
4.9557657,16.229902,-3.1824698,B
3.8651917,16.055967,-2.5215385,B
4.1008673,15.468464,-3.0475566,B
4.2613974,15.999989,-3.101109,B
5.7634077,17.139256,-2.7073472,B
3.8351912,16.861435,-3.2124615,B
16.665167,8.980518,-3.501947,C
16.507454,9.051213,-3.4447362,C
15.730157,9.417377,-3.5782557,C
15.956414,9.031394,-3.1543927,C
15.194389,9.548492,-3.3045144,C
14.409517,9.563215,-3.0962913,C
11.791055,9.764237,-2.393298,C
14.419734,9.034697,-3.3263922,C
15.312848,8.202306,-4.1252213,C
15.381656,8.267845,-3.9625895,C
15.539328,8.347261,-3.886616,C
15.66174,8.336146,-3.7884755,C
16.506836,7.885978,-2.7766917,C
16.604208,7.662561,-2.357006,C
16.56221,7.820251,-2.3247514,C
16.226908,8.815801,-1.0738071,C
16.329807,8.685581,-0.64900506,C
15.716248,9.223585,-0.5969259,C
16.405697,8.693163,-0.9685355,C
16.316736,7.4216275,-0.9655037,C
16.61311,7.7104907,-2.416641,C
15.875481,9.499504,-1.1173714,C
15.387688,9.774431,-0.81147015,C
14.0154085,6.5539308,-0.3513117,C
13.950649,6.6118894,-0.61566687,C
16.297434,8.980927,-1.4854103,C
13.571254,6.968225,-1.4569633,C
15.001421,7.999824,-1.986265,C
15.26575,8.104862,-1.8549434,C
15.209227,8.061711,-1.6098781,C
15.347657,9.074926,-0.5633505,C
14.154272,6.9346223,0.5888414,C
14.52757,8.553824,0.99937063,C
16.633202,7.7673397,0.6220211,C
14.112005,7.935314,1.1362785,C
13.794518,8.4846945,1.344655,C
14.355756,8.6180525,1.0599823,C
15.504259,8.532835,0.8346007,C
14.533569,9.049031,1.0107359,C
13.578162,8.444456,0.9996865,C
15.204485,7.4181604,0.6870287,C
14.308211,6.8353257,0.3906806,C
14.393695,7.7411222,0.39811552,C
14.893005,6.429391,0.0058923913,C
15.822716,6.860727,-0.4623573,C
15.7832365,6.44502,-2.2927861,C
15.889094,7.579096,0.19473304,C
15.282535,6.417491,0.49273923,C
15.578795,7.321868,0.83504707,C
15.943034,7.0746303,1.0542433,C
15.556048,7.7405806,0.866605,C
14.807367,6.6586313,0.70308876,C
15.526622,7.367561,0.95339155,C
15.707868,7.2222033,0.84309906,C
15.320694,7.274512,1.2713952,C
13.381616,8.4079,0.5447476,C
13.960261,8.680765,0.46222776,C
12.821431,8.554854,-0.34589058,C
13.018823,8.435197,-0.4081098,C
14.308679,8.706776,-0.67129284,C
15.310833,7.7033587,-1.703476,C
14.093185,8.121996,-1.0085307,C
14.83203,7.8854284,-1.512382,C
15.186719,6.5344605,-1.0929328,C
14.874013,7.529498,-0.4227162,C
15.227186,8.736096,-0.24784748,C
14.416128,8.526112,0.44915423,C
16.072266,7.0605054,0.9782099,C
15.726024,7.2267733,1.0609227,C
14.444427,7.63971,0.64702225,C
14.901429,8.927211,-3.3114822,C
14.872467,8.221231,-3.7540455,C
14.07453,8.545305,-2.8867319,C
14.366567,7.824682,-3.1499932,C
14.222077,7.9190054,-2.7654147,C
15.142625,7.428831,-2.1626477,C
15.125219,6.8736825,-2.2044332,C
15.673974,6.7432594,-0.8996656,C
15.264227,6.8834243,-1.8836646,C
13.859138,7.957241,-0.8407286,C
15.0978,8.849267,-0.81838,C
13.736691,7.9938807,-1.0014079,C
13.757369,8.462145,-1.0334054,C
13.175594,7.587973,-1.7469954,C
12.379932,8.775529,-1.8202213,C
11.940225,9.537701,-2.359817,C
13.398373,8.086504,-3.3762472,C
13.68267,7.919344,-3.7953954,C
13.554433,7.794981,-4.0138507,C
13.084008,8.008589,-3.600752,C
13.576655,7.775697,-3.909232,C
13.58997,7.427238,-3.5422394,C
13.613843,7.9438686,-2.904036,C
13.336871,8.070438,-2.5041203,C
13.238929,8.056204,-2.0579884,C
13.967203,6.9163413,-3.0726008,C
13.059837,8.160814,-2.310965,C
12.345621,8.830757,-2.0926902,C
11.9919405,9.448073,-2.3683274,C
12.320642,8.820019,-2.8229525,C
-6.330672,15.291136,2.0016053,D
-3.1478853,12.849838,-0.117269516,D
-2.9407215,13.34268,-0.34215692,D
-4.4324174,16.912348,1.5925328,D
-4.6194816,16.423557,1.6210275,D
-2.9070494,13.319633,-0.3167747,D
-2.8777523,13.08079,-0.45268416,D
-4.2254667,16.906612,1.5722501,D
-6.0180435,15.391869,1.8540058,D
-4.9543266,15.849528,1.3465079,D
-2.9962604,13.472661,-0.53969955,D
-4.4713964,16.807152,1.4707364,D
-4.829557,16.238558,1.5237443,D
-3.0960255,13.881957,-0.43251604,D
-2.8714585,13.786984,-0.44123834,D
-5.569664,16.24685,1.3894656,D
-3.1478083,13.591525,-0.70022404,D
-6.042202,16.009085,1.4392446,D
-3.3621118,13.296587,-1.1473303,D
-6.0945244,15.606324,1.6910979,D
-3.7260227,12.173408,1.3882666,D
-4.5718937,12.858118,2.3538175,D
-3.1065044,12.3315115,1.3775132,D
-4.852134,14.083779,2.888963,D
-2.9966173,12.548212,1.4604598,D
-5.2838554,14.31369,2.843372,D
-3.481851,11.671533,0.9051462,D
-2.6248999,12.734695,1.6144176,D
-5.81673,14.488322,2.833825,D
-3.2821734,12.08321,1.2599974,D
-2.7524765,12.680129,1.4599754,D
-3.2582545,11.958467,1.0980299,D
-2.8087215,14.2922735,3.0298445,D
-5.3356667,14.2724695,2.8913586,D
-3.210389,12.154004,0.9949633,D
-2.5468674,12.96649,1.3509077,D
-2.6304433,12.829184,1.5819885,D
-5.1369076,14.2560835,2.8577256,D
-4.087886,14.148895,2.5516324,D
-3.2686574,12.19007,1.0095935,D
-2.80075,14.31083,3.0330405,D
-5.492145,14.540626,2.766113,D
-4.295686,12.111911,3.0744889,D
-4.2017612,13.623816,3.6831548,D
-3.395045,11.18135,2.1513162,D
-4.432979,13.653236,3.4440556,D
-4.8535423,12.168171,3.1050923,D
-3.5666893,11.840492,2.1678166,D
-3.597197,13.641621,3.7443416,D
-4.352827,12.15333,2.984423,D
-3.0407295,11.947024,2.388819,D
-4.461468,13.529385,3.6920083,D
-3.565689,12.227469,3.3176217,D
-2.6188145,13.635764,3.3619852,D
-4.994293,13.556676,3.242332,D
-2.5230124,12.70538,3.3438811,D
-5.3540955,13.7630625,3.2521293,D
-2.9364958,13.9781,3.2116497,D
-4.081741,12.134692,2.8655748,D
-5.7747645,14.195643,3.2009711,D
-3.3467994,12.035019,2.213915,D
-2.6140306,12.547662,2.4563172,D
-4.1356177,12.208429,2.7711327,D
-2.467926,12.712684,2.9084063,D
-4.2925653,12.473961,3.0414004,D
-2.6401052,12.522212,2.4926786,D
-3.9690247,15.193272,0.708957,D
-4.7345824,16.748075,1.5037764,D
-5.0216284,15.946763,1.2683954,D
-5.090279,16.438576,1.0694871,D
-2.9110506,14.244094,-0.8563076,D
-5.3943243,15.675487,1.3712593,D
-2.9227173,14.043671,-0.7447641,D
-3.923286,14.557727,-1.6740916,D
-6.0644507,15.81256,1.2859321,D
-3.0956545,14.2668705,-0.6380273,D
-6.212207,15.606656,1.614322,D
-6.2245655,15.7235985,0.71274626,D
-3.0663424,13.4476,-1.1253706,D
-3.3862884,14.295306,-1.0761926,D
-5.9834485,15.982263,1.2590452,D
-3.500302,14.185345,-1.2500553,D
-4.7870736,16.89374,1.2445157,D
-3.6166444,14.218491,-1.2638116,D
-4.70504,15.417277,-0.7223492,D
-5.7554154,16.2508,1.0765041,D
-2.6860435,14.235994,-1.1333709,D
-4.5273614,15.290298,-0.89770776,D
-4.8589306,15.966031,0.85223484,D
-3.0689294,13.958314,-1.3226913,D
-4.6784453,15.33513,-0.80808276,D
-5.887959,16.107822,1.0300827,D
-2.994715,14.176653,-1.1250008,D
-5.624627,16.232422,0.65518224,D
-5.5592885,16.175097,0.9271016,D
-4.907203,15.92872,0.70975584,D
-2.7845652,13.6994,-1.4404801,D
-5.440733,15.624648,-0.3737891,D
-2.785162,13.611279,-1.40679,D
20.3753,-1.7039508,-4.1700997,F
20.99972,-1.5692476,-3.272622,F
18.454199,-2.629475,-5.5593257,F
18.27609,-3.7328146,-5.1748633,F
18.21476,-3.7701864,-5.3149834,F
21.297388,-4.1849117,-3.9634035,F
21.455,-1.1588788,-2.8877711,F
21.024986,-3.7976677,-3.5627182,F
19.510433,-4.880325,-4.8972335,F
21.152304,-4.043446,-3.789824,F
18.451406,-2.7538621,-5.636137,F
21.275694,-1.1976937,-2.8219957,F
21.30877,-0.9636972,-2.4706087,F
21.164654,-1.3178859,-2.896464,F
18.278616,-2.5699751,-1.8649682,F
18.169252,-2.6867776,-5.1662364,F
20.480013,-0.64009506,-3.1558867,F
21.159546,-1.9929246,-2.6948643,F
17.528357,-3.8734934,-4.636392,F
17.73882,-4.3674836,-5.080971,F
17.745749,-4.1497393,-5.0632844,F
21.228844,-1.3543056,-2.3389525,F
20.840109,-1.651475,-2.501787,F
21.088884,-1.2516146,-2.0008318,F
16.439135,-2.9162912,-4.356519,F
15.982891,-2.9784436,-4.2761574,F
18.238646,-2.6705885,-2.2067459,F
18.54543,-3.7850413,-2.3270507,F
20.794008,-4.673317,-2.9998772,F
21.231663,-4.38491,-2.5909061,F
21.030972,-1.3421046,-2.048241,F
20.113064,-1.4968703,-2.320361,F
20.9905,-4.028886,-2.1572874,F
21.097824,-4.261742,-2.4162412,F
20.821856,-4.9075923,-3.009474,F
17.271553,-4.312944,-4.744826,F
17.119835,-5.3325543,-4.650479,F
16.567564,-4.1567926,-4.480757,F
18.085857,-2.6498723,-2.433257,F
18.419603,-3.786581,-2.3007665,F
16.629347,-3.2977946,-5.428872,F
19.138302,-1.2515458,-3.54293,F
16.612879,-4.431264,-4.4932833,F
19.461586,-0.8595907,-2.7195272,F
17.019703,-2.3692386,-3.794399,F
16.654207,-4.326744,-4.5007963,F
17.23427,-4.325084,-4.5336757,F
21.019278,-4.4529614,-2.5408137,F
21.440218,-4.4132643,-2.2862356,F
20.052465,-1.2416949,-1.6975873,F
17.515472,-2.1199312,-3.9511454,F
16.12543,-4.4059596,-4.3549023,F
19.163847,-5.995108,-4.2438364,F
21.080156,-4.2078514,-1.839317,F
20.651787,-1.7599927,-1.9670483,F
20.510561,-1.0225282,-1.4213504,F
19.183807,-1.0888609,-3.1294098,F
17.789398,-2.4521754,-2.782745,F
16.375057,-2.487865,-3.7927063,F
17.115091,-4.1653028,-3.886019,F
20.127579,-6.000582,-2.84186,F
20.093868,-6.1165843,-2.9169834,F
18.68039,-6.4768662,-3.5128675,F
16.940557,-2.451663,-3.6084487,F
16.287601,-4.8092484,-3.4446857,F
19.870495,-5.169697,-1.5841635,F
20.214882,-6.058966,-3.0251303,F
21.044054,-4.7918797,-2.5650735,F
-12.700805,0.49294758,-13.670799,E
-10.974953,1.0908772,-8.220731,E
-11.235102,0.34377784,-12.902249,E
-14.031782,0.2615222,-15.754478,E
-12.886899,0.6939846,-12.97136,E
-9.564606,0.36971605,-10.4849825,E
-11.292816,0.64079267,-11.517539,E
-14.051953,0.23167202,-15.862551,E
-11.960037,0.6310862,-12.317316,E
-9.840417,0.71071047,-9.043536,E
-10.957675,0.3845785,-12.401293,E
-11.356063,0.29089555,-13.26111,E
-13.504188,0.5576506,-14.120958,E
-14.162125,0.45247635,-15.157788,E
-10.514995,0.8258299,-9.439539,E
-9.931098,0.6550158,-9.5463915,E
-13.173446,0.13899064,-15.590935,E
-13.435034,0.12291462,-15.740744,E
-9.905819,0.473561,-10.44836,E
-11.623837,0.97791153,-10.128051,E
-12.993597,0.23215343,-15.061168,E
-10.855576,0.8440219,-9.838679,E
-9.206804,0.43435666,-9.587103,E
-9.041425,0.4005189,-9.493079,E
-11.06908,1.1763303,-7.538929,E
-13.586165,0.22964919,-15.488004,E
-9.038319,0.48685166,-8.935625,E
-12.08014,0.32539597,-13.810539,E
-11.642952,0.9753472,-10.160048,E
-10.626663,0.996879,-8.34104,E
-14.20825,0.35423705,-15.596951,E
-10.823193,0.37185746,-12.297257,E
-10.864638,0.7110516,-10.583762,E
-13.239546,0.1565374,-15.577171,E
-11.618814,1.0095005,-9.919421,E
-9.937699,0.5922506,-9.891622,E
-14.146996,0.20504308,-16.110857,E
-11.701541,0.51764405,-12.586215,E
-11.216746,0.51804686,-12.049772,E
-13.280327,0.29210213,-15.061916,E
-10.475633,0.59178203,-10.664848,E
-11.123314,0.30338198,-12.970366,E
-13.66565,0.30352506,-15.861135,E
-9.50986,0.5611259,-9.401469,E
-11.340653,0.5132762,-12.2153425,E
-12.671712,0.21006815,-14.867815,E
-8.779771,0.4002825,-8.945036,E
-10.775054,1.1024317,-7.6025167,E
-8.567513,0.23987263,-9.544718,E
-9.841197,0.7606361,-8.696937,E
-11.499881,0.442046,-12.725039,E
-11.750634,0.37572318,-13.278821,E
-9.759649,0.76097775,-8.499587,E
-13.382771,0.5802879,-13.913281,E
-8.921373,0.38132742,-9.379533,E
-10.105579,0.7994043,-8.926661,E
-13.900974,0.09544217,-16.310127,E
-11.284989,0.76680917,-10.842517,E
-11.735587,0.98444325,-10.238702,E
-14.0736,0.16583534,-16.171583,E
-8.672772,0.29208657,-9.435239,E
-11.87504,1.3003186,-8.167609,E
-12.373207,0.3820833,-13.847029,E
-9.40959,0.6536455,-8.534459,E
-12.479158,0.63651806,-12.835726,E
-9.719837,0.8702062,-7.1624384,E
-12.601229,0.64173937,-12.9298725,E
-10.5810175,1.0534164,-7.6223207,E
-9.56434,0.67783374,-8.7094,E
-13.718383,0.33117023,-15.893288,E
-11.217634,0.8952814,-10.05192,E
-9.303336,0.23984809,-10.765555,E
-12.557333,0.23332663,-14.662734,E
-11.062883,0.6012153,-11.423998,E
-10.115995,0.9408831,-7.5633454,E
-11.613119,1.1837893,-8.639951,E
-10.880346,0.3309266,-12.571008,E
-8.95166,0.5729455,-7.9158063,E
-11.659496,1.2500458,-8.171825,E
-12.597105,0.26436868,-14.565488,E
-13.415609,0.84322083,-12.804797,E
-9.814908,0.83725727,-7.8360085,E
-9.437006,0.7491868,-7.61195,E
-8.608522,0.15391055,-10.102281,E
-10.701892,0.2848005,-12.581344,E
-12.8170395,0.08106943,-15.5167675,E
-8.270608,0.06741338,-10.019527,E
-9.315487,0.71223354,-7.6346703,E
-8.445384,0.2958585,-8.873165,E
-10.830601,0.7994986,-10.059571,E
-13.5247755,0.07303206,-16.034857,E
-10.279968,0.7081527,-9.771183,E
-11.345693,0.6260825,-11.654114,E
-11.243882,0.8356412,-10.425995,E
-12.568778,0.30106464,-14.381264,E
-9.458246,0.5596218,-9.324774,E
-13.945428,0.13927205,-16.019936,E
-13.500049,0.2835919,-15.284191,E
19.036552,-6.1404696,-4.023353,F
20.40897,-1.1322097,-1.6652292,F
20.369265,-5.2839055,-2.5508337,F
19.245787,-5.9561806,-4.573799,F
17.100996,-4.5582294,-4.6875563,F
19.078863,-6.1083307,-4.972178,F
17.699352,-2.126002,-3.9982674,F
17.53074,-3.9060204,-3.9147792,F
19.310541,-5.9195514,-4.3877,F
20.945513,-1.4809244,-1.8404591,F
20.79542,-1.8332486,-2.0124013,F
19.209171,-1.0724174,-3.2230344,F
19.081821,-5.933878,-4.3386703,F
19.221523,-5.9195714,-4.2326446,F
20.799562,-2.0185583,-2.2879548,F
18.402924,-3.897305,-2.3562038,F
16.97954,-4.8085203,-4.6545496,F
19.21289,-5.9488287,-4.3600683,F
18.428818,-4.0104675,-1.9828973,F
21.270567,-4.6124063,-2.3196259,F
17.521378,-2.1197321,-3.8157864,F
17.3251,-2.392552,-3.7019842,F
17.188309,-3.9112756,-3.7297218,F
16.321817,-2.5800478,-3.7311118,F
21.230928,-4.2635612,-2.310884,F
21.040102,-4.476499,-2.3982916,F
20.63629,-2.0329916,-2.3300843,F
20.453337,-4.824974,-2.1406002,F
20.193491,-5.2013016,-2.2216792,F
20.602522,-5.4825826,-3.0714316,F
17.280642,-2.3352964,-3.8238342,F
17.576317,-2.02673,-3.785716,F
19.164225,-1.3293381,-3.462813,F
19.219833,-5.9657497,-4.3218646,F
18.660746,-6.5596,-3.3819954,F
17.29993,-4.1800756,-4.1906757,F
17.071608,-2.5835278,-3.717272,F
20.7189,-1.0108418,-1.3002838,F
19.356033,-0.9579085,-2.8102057,F
17.610773,-2.1015308,-3.831928,F
16.838251,-4.5477233,-4.4360595,F
20.842854,-5.3485126,-2.9409533,F
4.656251,17.913582,8.093709,G
2.4047723,19.830832,8.158071,G
2.4836628,19.912638,8.141434,G
2.6335576,19.585243,9.029719,G
2.664499,19.65082,8.124734,G
2.7243342,19.534603,9.399283,G
2.1758718,18.90018,9.582982,G
2.9742818,19.585575,8.778346,G
2.3114088,19.168436,7.954879,G
3.3704796,19.265976,9.715576,G
3.316857,19.113232,7.8729706,G
1.8599641,18.39678,8.960904,G
3.598247,19.197393,8.017187,G
2.205017,18.76109,8.489667,G
3.461932,18.6642,7.088303,G
2.3020678,19.133244,8.105482,G
2.7305365,18.706575,7.707252,G
2.461432,18.837399,7.7208667,G
3.2940981,19.064457,9.0615225,G
3.3659332,19.03237,8.849801,G
3.6068826,18.516356,7.218766,G
2.6678462,18.916113,7.796867,G
1.9370815,18.143341,9.228522,G
2.2953444,18.780466,9.839732,G
2.1612735,18.037258,9.207606,G
2.3144803,17.741781,9.443502,G
2.2803175,17.624973,9.41717,G
2.1046326,18.042334,9.227607,G
2.3000922,17.832699,9.36607,G
3.29048,18.98585,9.297323,G
2.2279,18.623972,10.163153,G
2.0506043,18.04488,9.424813,G
3.6815724,18.861635,8.015959,G
3.2509198,18.66027,7.8975253,G
3.0712783,18.299997,8.146462,G
3.7503717,18.624044,7.4939756,G
3.3392508,18.815357,9.216444,G
2.3505595,17.571346,9.52106,G
3.9065583,18.067064,7.3958993,G
3.872535,18.532724,8.698722,G
3.5146582,18.021124,8.045701,G
2.8624299,18.051752,9.813875,G
4.115464,18.439463,8.290446,G
3.9462657,18.132816,7.4820876,G
3.5509536,17.920872,7.8636727,G
3.5167868,17.909143,8.971603,G
3.6758618,7.8445096,9.452644,G
4.273816,8.52862,7.159451,G
2.907811,5.4027,8.566561,G
3.2521906,6.5637503,8.260116,G
3.8200436,6.6159883,7.8177814,G
3.6494186,7.2594743,8.739999,G
2.8197556,5.9548707,8.19424,G
2.4921272,8.522864,7.9770474,G
2.2207642,6.563091,7.344724,G
2.4306204,7.116989,8.69451,G
3.2541745,6.094579,8.597149,G
2.71744,5.00247,8.827109,G
2.8474638,8.514634,7.481405,G
4.6589746,7.5250397,8.404148,G
3.8486862,7.398217,9.235473,G
3.95256,6.858376,9.069936,G
3.0356996,8.049161,6.887738,G
4.2657437,8.465709,7.2157154,G
2.6223543,6.4052997,7.2615957,G
4.7140684,7.6736794,8.415043,G
4.667575,7.6993413,8.1801195,G
4.715067,7.7150297,8.906555,G
2.4989676,6.3771,7.3881254,G
2.5856342,5.7941127,8.771451,G
2.6596422,6.881652,7.974579,G
2.780104,5.10317,8.724528,G
3.2192562,7.0645585,8.664113,G
2.1806707,7.057801,8.451051,G
2.727483,5.1366844,8.751802,G
2.6982393,5.583339,8.030267,G
4.090447,6.9200315,9.632752,G
4.3345127,8.361187,7.447572,G
3.0054164,8.472409,7.3860297,G
2.2232816,6.897943,8.122034,G
2.5583122,6.2969937,8.789287,G
3.0719628,6.885761,8.178017,G
4.1517467,8.490327,7.145037,G
2.888561,8.730964,7.826236,G
2.8689744,8.56899,7.8026166,G
3.4464746,6.5272093,7.0226274,G
2.649698,6.617633,8.298153,G
2.677811,8.575849,8.051263,G
3.3210516,8.531013,6.99344,G
3.1770687,7.4784107,9.242131,G
3.8721137,6.108948,9.083882,G
3.1920283,6.5290604,8.158153,G
3.1384017,6.716806,7.9233623,G
3.693716,7.292849,9.157626,G
3.5657356,6.8778286,8.447652,G
3.2647293,5.8572583,8.524087,G
3.215318,8.321557,6.6393313,G
2.4210734,6.1737638,7.8432984,G
2.3381658,6.63596,8.653613,G
4.0005894,5.9651465,9.495666,G
3.9932542,5.7800884,9.555228,G
-4.329387,-8.292887,-16.54121,H
-4.6580243,-7.7407575,-16.298948,H
-4.75938,-8.056985,-13.90789,H
-5.2323437,-8.1249275,-15.273214,H
-4.1796083,-8.111402,-16.625118,H
-5.1780214,-6.5769835,-15.207128,H
-4.6977463,-8.057098,-14.101504,H
-5.1245914,-8.0508,-14.98531,H
-3.6572528,-8.278064,-17.290365,H
-4.6953373,-8.059982,-13.9971,H
-4.7649784,-7.768158,-15.4903965,H
-4.9930606,-6.4815598,-15.29461,H
-4.3572946,-7.6064334,-13.581224,H
-4.238404,-7.2642,-14.873595,H
-3.7920873,-7.852615,-16.59092,H
-3.8142676,-7.8651767,-16.501965,H
-3.900685,-7.263219,-16.024065,H
-3.9485576,-7.6124635,-14.737444,H
-4.7934294,-6.5389204,-15.2443695,H
-4.1369967,-7.479439,-13.763033,H
-3.2631104,-7.6520777,-16.980993,H
-4.086073,-7.30975,-14.540751,H
-3.6683812,-7.5338936,-15.809948,H
-3.7951415,-6.9793158,-15.719354,H
-3.8151476,-7.387411,-13.843648,H
-3.3650637,-7.870097,-16.654734,H
-4.971099,-6.3141828,-15.281637,H
-3.6627264,-7.5262713,-13.979166,H
-3.448964,-6.931592,-17.016638,H
-3.9707634,-6.476405,-13.77892,H
-3.4590902,-6.7928696,-16.038897,H
-4.0766125,-6.0862637,-14.034319,H
-2.3051276,-4.5096335,-13.346888,H
-3.110373,-6.3766885,-17.236223,H
-2.7205844,-7.465562,-12.994582,H
-2.4084172,-4.647801,-13.977564,H
-2.2112536,-7.7225966,-17.465553,H
-2.3519576,-7.2903,-16.707645,H
-1.7516791,-8.242446,-13.913652,H
-2.8717623,-5.6351748,-14.042722,H
-2.1460476,-7.5631113,-17.339962,H
-3.14885,-6.0785856,-17.040852,H
-2.74895,-7.503595,-13.073371,H
-2.2658732,-4.622065,-13.325383,H
-2.27979,-6.724979,-16.230555,H
-2.322288,-6.1897902,-16.62347,H
-1.5116829,-8.356862,-14.6375065,H
-2.5598903,-7.3178296,-13.460553,H
-2.1465342,-7.372138,-17.310307,H
-2.1807134,-6.9741116,-17.00083,H
-1.8373202,-6.6970654,-16.056757,H
-0.15958855,-7.5520296,-15.290327,H
-2.2799764,-7.4136972,-13.492713,H
-2.084529,-6.049013,-16.849096,H
-1.8706322,-6.158949,-15.719919,H
-0.159804,-7.552309,-15.242517,H
-1.3516572,-5.3207135,-13.876691,H
-0.97237957,-7.681027,-17.085598,H
-2.199702,-4.449479,-14.039226,H
-1.5657938,-8.604127,-13.670575,H
-2.1888485,-4.725709,-13.253181,H
-1.2690852,-5.183825,-14.374314,H
-0.20048943,-7.1474247,-14.600138,H
-2.344298,-5.3206034,-12.837987,H
-1.7914209,-6.008726,-15.73964,H
-2.118304,-7.247034,-13.081382,H
-1.6892921,-7.221553,-16.976446,H
-1.8970193,-6.8816156,-13.281792,H
-1.7621287,-7.6258035,-16.932821,H
-1.9393141,-7.662386,-13.247944,H
-1.402159,-6.5607357,-15.381809,H
-1.6858904,-7.9698906,-13.744873,H
-2.1074698,-4.7478924,-13.367371,H
-1.401441,-6.4780936,-15.019739,H
-2.248749,-7.3056383,-12.894876,H
-2.1062794,-4.615528,-13.455582,H
-1.841771,-7.359835,-17.363377,H
-1.9734993,-5.9421983,-16.623644,H
-1.3955882,-6.4095626,-15.283716,H
-1.5966381,-7.4872265,-13.626074,H
-2.1556442,-4.8586164,-13.93163,H
-0.020796953,-6.644119,-15.130421,H
-2.3462336,-6.5849676,-12.8823805,H
-1.9821016,-6.01676,-16.723984,H
-0.29201847,-7.109865,-15.60023,H
-0.39735377,-7.174837,-14.351777,H
-1.3683975,-5.543758,-13.670622,H
-1.2836989,-5.1698217,-14.24404,H
-1.9338614,-5.9282646,-17.057112,H
-0.014801771,-6.678844,-15.167757,H
-0.008505557,-7.380825,-15.404938,H
-1.6179919,-7.6095986,-13.669242,H
-1.3294349,-5.1475043,-14.273886,H
-1.8372793,-7.6560082,-12.899263,H
-0.54768574,-7.341934,-16.287819,H
-0.00440282,-6.7307673,-15.013962,H
-2.1275604,-4.427129,-14.233829,H
-0.032003704,-6.769349,-15.64472,H
-2.1110415,-7.080785,-12.99419,H
-1.4725887,-6.557249,-17.115229,H
-16.152378,-2.105394,4.0307255,I
-18.839941,-0.5808482,3.443518,I
-16.189718,0.23352358,5.828348,I
-16.060265,0.24069047,5.7709813,I
-15.962548,-1.6493417,3.233359,I
-18.996193,0.28220874,3.4002078,I
-20.081644,-1.3256234,5.8297596,I
-16.697289,0.74356145,5.821467,I
-15.960329,0.98548776,5.2895083,I
-16.172215,0.007059245,1.9211607,I
-17.614954,0.8166081,5.801436,I
-15.5969095,0.11271463,1.7148092,I
-16.405647,-2.0709083,3.9518392,I
-19.386358,-1.0126876,4.517659,I
-19.991129,-1.1574515,5.6382504,I
-16.199518,0.36026314,5.8007746,I
-16.053432,-0.40737444,2.012695,I
-15.816398,-0.3541179,1.9833757,I
-18.46429,-1.014524,3.1744359,I
-18.474157,1.4820014,4.1011477,I
-16.110754,1.1246628,1.7202314,I
-16.20814,-2.235252,4.2781444,I
-19.548174,-0.985447,4.5929317,I
-18.477755,0.37720522,5.842417,I
-15.881707,-0.4796691,5.778296,I
-16.110891,-0.54821104,2.132029,I
-15.958027,-0.1382917,1.9134692,I
-18.658443,-0.8986971,3.433272,I
-15.933413,-0.3460015,1.9097519,I
-16.362879,-2.0783377,3.9847856,I
-20.083916,-1.9166263,6.210196,I
-15.882086,1.2099466,5.06377,I
-16.694973,-0.675672,2.3149822,I
-16.207396,-2.275921,4.3242526,I
-19.633598,-0.875987,4.678959,I
-16.042414,1.136454,5.274352,I
-16.428162,1.1603403,1.7383211,I
-18.589918,1.3206354,4.671446,I
-17.147768,0.6592792,1.9728019,I
-18.837551,0.31054914,2.8600273,I
-19.92584,-1.2636664,5.3959665,I
-16.601152,-0.8469662,2.4144459,I
-19.668423,-0.70496404,4.412813,I
-20.043938,-1.5588466,5.8109956,I
-16.31839,1.2223802,1.7167641,I
-18.373087,1.0426319,4.93942,I
-16.20412,-0.75987667,2.301236,I
-18.836655,0.31576785,2.7187529,I
-19.425035,-0.68635404,4.0688353,I
-18.736084,-0.50318885,3.1599345,I
-16.88078,1.5549909,1.6561773,I
-9.882553,9.078294,-4.9969764,I
-19.781511,-1.1211873,4.7576666,I
-20.050749,-0.6691149,4.338362,I
-16.468992,1.0686862,5.8542085,I
-15.830506,1.2574954,5.0651436,I
-17.751886,-1.4603826,3.0318227,I
-15.880884,1.5884546,3.2945218,I
-16.39716,-0.6674854,2.285975,I
-19.139048,-0.36899114,3.4471552,I
-20.052486,-1.4429115,5.4582644,I
-16.88478,1.0117645,5.9638486,I
-16.060259,1.015146,5.5876265,I
4.393961,4.0500054,19.199287,I
-18.90117,0.24918345,2.9196017,I
-20.099482,-1.4058287,5.802257,I
-17.438988,0.836202,5.8420205,I
-16.039282,0.5495693,5.63369,I
-15.680023,-0.022065226,1.7893288,I
-18.720917,0.9410341,2.6711633,I
-18.34967,0.63430077,5.4915276,I
-15.873259,1.151706,5.2186136,I
-16.257881,1.2832099,1.7141181,I
-16.26128,-0.11581985,1.9750878,I
-16.341759,-2.094835,4.0120854,I
-20.091421,-1.675772,5.9210114,I
-16.268433,1.215268,1.6655853,I
-16.09707,-1.8077139,3.498653,I
-20.085396,-1.2658589,5.6506515,I
-20.046215,-1.4859841,5.680582,I
-17.537241,0.7277739,5.8842034,I
-15.8249,-0.7914209,5.6709194,I
-16.477077,-0.82322234,2.4245138,I
-18.46115,-0.6091772,2.868974,I
-19.919739,-0.90058,4.795163,I
-18.688618,-0.85755914,3.4275134,I
-15.936532,0.95228565,5.547543,I
-17.571611,-1.1294247,2.8533435,I
-19.88633,-1.089377,5.1130557,I
-19.752035,-1.4714258,5.0923047,I
-15.729605,1.0498983,5.893996,I
-16.593588,-0.7198447,2.2922459,I
-18.735392,0.19098744,2.5427122,I
-20.057556,-1.0702572,4.924712,I
-16.780659,0.961642,5.966609,I
-16.959404,0.047528308,2.0351186,I
-18.83096,0.12944037,2.5020022,I
-16.70565,1.3476378,1.7221551,I
-18.928812,0.39633095,2.469032,I
-15.9204445,-0.22367984,5.796392,I
-16.210428,-2.2073772,4.2568855,I
-19.049805,0.28318393,2.5154877,I
12.6265545,2.9066753,10.436001,J
12.687663,3.126959,10.091489,J
13.966812,2.1468275,9.096135,J
12.920483,1.7615619,10.690853,J
12.457297,1.6806705,10.80105,J
11.070941,2.25013,10.848619,J
14.539702,1.6534433,8.858101,J
13.907975,1.8001556,8.732327,J
15.777021,0.85875183,8.813206,J
10.990318,2.2322738,10.646697,J
16.244692,0.18775997,8.949487,J
13.809854,1.7807193,9.828373,J
14.057865,1.6566873,9.187474,J
12.023382,0.6369494,10.642605,J
11.817266,0.8109371,9.396837,J
10.9357605,2.1628957,10.491168,J
12.859165,1.8191586,7.1977115,J
14.816242,0.9757763,8.591743,J
10.504783,2.546328,9.104001,J
16.152376,-0.50991774,8.428674,J
10.66853,2.283986,10.414893,J
13.100872,1.5869484,7.299374,J
15.15991,-0.9921908,9.365183,J
11.7035055,2.428726,9.407846,J
15.48995,-0.88235617,9.149749,J
10.411565,2.5919302,8.522656,J
13.25134,1.416762,7.5525694,J
16.389524,-0.43195465,8.251163,J
11.665989,0.43811092,10.502019,J
12.281745,3.3386571,8.945146,J
14.694649,0.8123844,7.819959,J
15.405091,0.90820557,7.969944,J
11.655585,0.6147623,8.847728,J
11.946973,-0.019975185,8.939815,J
11.431144,0.35249755,10.547273,J
10.628702,2.2738998,10.402231,J
13.78007,1.313921,7.0952797,J
16.667694,0.39625156,7.910258,J
16.62359,0.4231948,7.7633224,J
16.50647,-0.27443498,8.225701,J
14.929265,0.5268594,8.326211,J
10.418899,2.5911562,8.64586,J
11.34867,0.52435744,9.202183,J
11.274274,1.1913632,7.6832223,J
16.222157,0.9294666,8.010917,J
11.607687,0.4121779,10.484605,J
12.946764,1.6846437,6.685717,J
11.911841,-0.04773861,10.521786,J
13.329283,1.0861762,7.8408585,J
10.56797,2.1536498,8.580563,J
16.511316,-0.5711822,8.224287,J
11.149103,2.1586587,9.439979,J
11.452785,0.74597883,8.410762,J
11.391289,0.8288812,8.276104,J
12.364484,3.3497298,9.022713,J
12.873458,0.6683125,8.738115,J
10.469424,2.627974,8.90002,J
11.381458,1.4513777,7.2247996,J
15.916862,0.45437527,8.038493,J
16.138693,-0.08155003,8.100261,J
11.882644,0.1641162,10.431484,J
10.444406,2.5397902,9.028276,J
11.264303,0.60572374,8.911939,J
13.41565,1.163314,7.9064336,J
13.161011,1.5957044,6.924576,J
16.498003,0.010970608,8.135733,J
16.390518,-0.033837978,8.095671,J
14.759076,-0.7650812,9.371584,J
10.562727,2.3764336,9.338534,J
11.43993,0.055655014,8.857162,J
13.209197,0.5447774,7.368971,J
12.321107,1.7647512,6.9827304,J
16.332964,-1.086457,8.541534,J
15.128214,0.6978907,7.584553,J
11.789511,0.107635655,9.184723,J
10.597256,2.3744552,9.23409,J
15.103375,-0.19493335,7.4163733,J
14.633491,-0.74363,9.430486,J
12.705317,1.8288753,7.161365,J
14.761955,1.0053006,9.27588,J
11.0199585,1.7452966,9.294472,J
15.977532,-0.0095833335,7.9160814,J
12.128743,-0.21157788,10.493405,J
11.01851,3.212866,8.145053,J
12.882372,1.9272169,7.441007,J
13.911109,1.1730851,7.476692,J
13.591536,1.2460946,7.9890566,J
16.362556,-0.23650846,8.107385,J
14.527811,0.93619573,8.622982,J
14.41696,0.29147542,8.636611,J
11.017521,0.24546614,9.17238,J
14.188258,1.0266683,7.6603274,J
16.006765,-0.034769546,8.281024,J
15.824266,-0.034784205,8.079131,J
11.46558,0.51340413,9.258827,J
14.575522,0.6306189,8.662563,J
11.474191,0.35984242,9.159019,J
10.377686,2.6734717,8.338627,J
10.413903,2.5547814,8.157026,J
14.954305,-0.14269523,8.098196,J
5.1732807,11.364536,-10.415303,K
5.4139276,10.960555,-10.4673195,K
5.3571024,10.840599,-10.949199,K
5.2453847,10.173699,-10.765213,K
5.544997,10.440099,-10.2287855,K
5.3773494,10.384235,-11.056694,K
5.449232,10.644563,-10.988248,K
6.014566,10.841229,-10.344911,K
5.739049,9.461429,-9.837719,K
5.9821076,10.996403,-10.630497,K
5.712272,9.837445,-10.899644,K
6.159942,10.840058,-10.854578,K
6.089419,9.976876,-10.771163,K
5.819843,10.785499,-11.14875,K
5.975262,10.392514,-10.210212,K
6.3158617,10.642924,-10.486531,K
6.358485,10.508529,-10.817308,K
5.6287866,10.3475275,-11.212167,K
5.908984,10.656264,-10.267136,K
5.6418977,9.814469,-10.686284,K
6.097998,10.866561,-10.95197,K
5.6277475,10.049149,-11.109084,K
6.2199736,10.302801,-11.086379,K
5.4439406,10.28495,-10.457993,K
6.331548,10.219163,-10.719742,K
5.34111,10.266156,-10.554916,K
5.9990788,10.603931,-11.249094,K
6.2060733,10.241727,-10.398377,K
5.748509,10.059548,-10.346534,K
6.0774026,10.154921,-11.164769,K
0.15230162,7.797048,-5.4494996,K
1.5322087,3.7183018,-6.942096,K
1.449367,3.7410765,-7.042333,K
-0.0895332,4.1857686,-7.9191184,K
1.6709563,3.5671175,-6.903507,K
0.9987074,5.4584303,-6.974278,K
0.07410125,6.634593,-6.3801627,K
0.014906521,6.8328953,-6.498164,K
0.9494924,5.3189864,-7.1521206,K
0.47461095,6.9218426,-5.7822556,K
-0.7258457,5.013058,-7.69362,K
-0.5234561,5.904533,-6.7620835,K
0.48126534,6.6296015,-5.802545,K
-0.7233339,5.7658906,-6.383662,K
0.050929647,7.2149568,-5.5893807,K
-0.11351207,5.1948485,-7.4404993,K
-1.0573207,4.496797,-7.803356,K
1.260054,5.3437448,-5.783872,K
0.69974524,6.4255953,-5.5820932,K
-0.92627907,5.212185,-6.9842944,K
0.575581,6.1739836,-5.872262,K
-0.8206688,5.278151,-7.0304914,K
-0.5272691,6.580723,-5.296384,K
-0.39280808,5.057472,-6.270112,K
-0.8686942,5.3115015,-7.029593,K
-0.38760594,6.4050126,-5.5107617,K
0.32762396,5.3829007,-4.9195385,K
0.5451999,6.3097143,-5.9489326,K
0.20578931,5.682785,-5.1776977,K
0.36576024,5.25011,-5.7855463,K
-1.6554506,2.9145277,-8.25033,K
-1.1503867,4.0841236,-6.0869017,K
-1.1132405,4.402772,-6.4875727,K
-0.69361496,5.2750883,-5.0863023,K
0.048604812,3.7686772,-6.9894753,K
10.872175,10.495835,-2.4953456,K
-1.1258461,3.7674856,-7.6871953,K
-1.2248892,4.155239,-6.629789,K
-0.77306783,5.242213,-5.7638755,K
-0.16023931,4.040176,-6.900367,K
-1.2173276,3.2252293,-7.9575768,K
-1.7833683,3.8448775,-6.7667823,K
0.007447661,5.9417214,-5.1594973,K
-1.5948284,2.91997,-7.977029,K
-1.1626558,5.931665,-5.014199,K
0.20266017,7.5825562,-5.466526,K
0.08995797,3.2804644,-7.236747,K
-1.2889909,4.1323123,-6.559642,K
0.98575115,4.7970734,-5.1968327,K
-0.80451155,3.8018026,-7.376003,K
0.33848888,3.8786047,-5.650716,K
0.19361764,4.700994,-5.9420643,K
-1.4492438,3.007623,-8.055981,K
1.4245117,4.7409186,-5.648825,K
0.241825,4.0169,-6.612477,K
-1.6062033,2.679729,-7.7555337,K
-1.7524064,2.8098552,-8.159131,K
-1.3863819,4.5843163,-5.7223454,K
-1.4888234,2.8931828,-8.115009,K
-1.5406895,3.9740412,-6.633212,K
0.45276368,5.0501547,-5.0445557,K
-1.1538091,2.873278,-8.00586,K
0.24976167,4.693627,-5.9149523,K
-1.5811547,3.4011104,-7.480634,K
-1.0201845,5.406195,-5.430011,K
-1.095449,3.9076378,-7.332076,K
-0.7996865,4.8262253,-5.6968765,K
-1.6625966,2.9391003,-8.021798,K
-0.58799386,5.269669,-5.0296354,K
-0.48247558,3.6294339,-7.0723124,K
-1.6761048,3.253218,-7.6446123,K
0.40451926,4.847458,-5.2245603,K
-3.634647,-13.227532,5.938475,L
-0.72331136,-12.792811,3.3542671,L
-0.64788646,-16.832054,4.525137,L
-2.3065383,-16.203196,3.0601013,L
-0.41393414,-16.12536,2.9965484,L
-3.2431734,-12.241763,4.941774,L
-1.1420529,-12.661397,3.2582266,L
-2.070739,-16.32805,3.9448004,L
-3.2881036,-14.777176,5.3636947,L
-2.4953837,-14.758633,2.4835117,L
-3.511958,-13.402906,6.124525,L
-1.136462,-16.457367,5.78999,L
-2.4506893,-15.962749,3.5602398,L
-2.57653,-16.115982,3.8097017,L
-2.3142273,-12.733843,3.7794638,L
-3.5207272,-13.088585,5.8216553,L
-1.1951531,-12.426057,3.6028526,L
-2.2834852,-11.9509,4.9859047,L
-1.0185813,-12.973169,3.2418814,L
-2.4120362,-16.14119,3.9026964,L
-2.0037262,-11.687822,5.5875216,L
-0.5290003,-13.177969,3.200344,L
-0.887234,-16.800993,4.8191113,L
-2.21477,-15.57899,4.912233,L
-2.9532475,-10.939817,5.6790943,L
-3.0323594,-12.096955,4.941821,L
-1.7898421,-12.57887,2.7215073,L
-0.43502837,-13.0581665,2.8141494,L
-2.0258605,-12.693197,3.1722822,L
-3.069112,-13.320346,4.7386684,L
-2.334136,-13.261421,3.0979314,L
-0.92564386,-12.14867,5.465726,L
-2.4201005,-16.383623,4.7133546,L
-2.8291156,-11.765076,6.063534,L
-2.068534,-12.624764,3.981505,L
-2.5781574,-12.097581,5.736783,L
-3.1012335,-12.200891,6.3547525,L
-2.0288684,-12.00524,5.9550877,L
-2.2824926,-11.479532,5.409377,L
-3.006491,-13.44495,4.7124577,L
-2.5174427,-15.629466,3.2527075,L
-2.9905865,-14.077414,5.356289,L
-1.6554422,-15.28939,2.7304473,L
-3.062284,-13.430677,5.4053273,L
-2.233685,-11.820751,5.4045763,L
-2.8416653,-13.466474,5.4335685,L
-0.8730702,-13.807732,4.436153,L
-2.0352035,-15.631994,3.1610668,L
-2.143601,-12.716743,4.1956987,L
-2.8832998,-11.445901,6.15035,L
-1.8952907,-15.994623,3.5270631,L
-2.1794007,-13.237962,4.213373,L
-2.7346077,-12.166996,6.704185,L
-0.9111662,-14.584824,4.515492,L
9.990768,11.2387905,-2.5657718,L
-3.4197922,-13.830622,5.8554506,L
-0.76816386,-13.212889,3.2048018,L
-2.432638,-14.854787,4.476208,L
-2.0135593,-11.439558,5.08477,L
-3.0881145,-12.255645,6.376832,L
-1.8316565,-16.24505,3.8260412,L
-3.663782,-14.559785,6.4654603,L
-0.16044405,-16.103298,5.231052,L
-0.8820631,-16.787687,5.1355753,L
-2.332607,-15.80748,3.6703784,L
-1.1970956,-15.270307,2.584792,L
-1.8231978,-12.92631,5.063485,L
-1.026197,-14.279869,4.949304,L
-0.5076758,-16.213676,5.47458,L
-0.4384949,-16.752844,4.449735,L
-2.4888911,-15.764298,3.5211716,L
-2.5517025,-15.415864,3.1942406,L
-1.2215662,-14.456811,3.1760168,L
-3.2081685,-12.318208,6.647674,L
-2.2617471,-12.845953,4.3714724,L
-0.8774649,-12.608898,3.765814,L
-1.276696,-14.603538,4.439218,L
-0.5110772,-16.19323,5.552607,L
-0.17748165,-16.673082,4.3567357,L
-0.14094095,-14.574939,5.2888885,L
-1.7480026,-16.726652,5.320621,L
-2.6598077,-15.63176,3.4485254,L
-3.5335839,-13.370325,6.169897,L
-1.2254502,-12.348829,3.9035716,L
-0.23837362,-16.68183,4.60591,L
-0.73549837,-14.282676,3.6509082,L
-1.4449234,-16.465935,3.8319318,L
-3.6544077,-13.6169195,6.41708,L
-3.4916592,-14.87591,6.4256997,L
-2.6977077,-11.871788,6.564572,L
-2.4494247,-16.406553,5.5257325,L
-2.6201935,-15.197744,3.1890712,L
-2.9487524,-10.5013075,5.2951193,L
-0.74368024,-13.808765,5.0029144,L
-0.20432253,-16.020105,5.289074,L
-1.0776112,-15.059378,3.9098263,L
-3.2871451,-14.116546,5.618664,L
-2.4094784,-12.885136,4.3848324,L
-0.7732993,-12.182251,3.9367983,L
-0.29673293,-16.695278,4.529234,L
-6.5975966,6.9117827,11.409292,M
-9.668875,5.388914,12.858378,M
-8.076623,7.3337255,8.218231,M
-9.936193,5.543143,13.658132,M
-8.453767,6.2602725,10.819351,M
-11.553672,9.319402,13.146137,M
-9.952907,4.6752677,12.918938,M
-7.165096,7.3582025,10.392784,M
-9.949002,4.775845,13.016516,M
-7.0539966,7.5033455,10.023863,M
-9.599075,4.958756,12.057712,M
-7.6327934,6.4645815,10.85681,M
-10.121924,4.70999,13.484828,M
-6.813286,8.1805525,8.5909395,M
-9.937139,4.9826093,13.16052,M
-6.8581257,8.180445,10.949049,M
-9.481208,5.2011356,12.100248,M
-7.066408,7.8328424,10.356961,M
-10.004873,4.7725177,13.172133,M
-8.233353,7.7750096,12.501494,M
-7.1656837,7.9609685,9.244778,M
-10.605295,10.881353,11.778073,M
-8.955065,7.153886,11.5548315,M
-9.817163,4.85067,12.6910305,M
-7.6422853,6.890666,10.769376,M
-10.456744,11.024462,10.904874,M
-8.361159,6.324423,10.716367,M
-9.886278,4.9288306,12.944318,M
-6.3378954,8.187273,9.560232,M
-8.980154,5.943744,11.533028,M
-11.51081,10.216335,11.312453,M
-7.8945746,6.426429,10.955049,M
-10.385478,11.135128,11.598969,M
-9.086098,7.0011168,11.7916355,M
-8.130065,7.241829,8.585361,M
-11.047654,10.547756,10.744367,M
-6.9464865,8.346309,11.284899,M
-10.457214,10.986814,11.46274,M
-8.290539,7.5954356,12.12468,M
-11.150556,10.525705,10.8264885,M
-7.432665,7.1886215,10.483333,M
-10.476661,10.902341,11.884345,M
-9.009217,7.1761174,9.432976,M
-8.21818,7.1963353,10.723971,M
-11.15707,9.533803,13.255396,M
-8.291318,6.2493663,10.935522,M
-8.540806,7.4388003,12.304701,M
-6.3272467,8.15008,9.601479,M
-9.185298,6.994109,13.113303,M
-8.132188,7.8622093,9.179481,M
-9.958659,5.262949,13.506751,M
-6.806449,8.016498,9.903237,M
-11.562155,10.454457,11.810034,M
-8.533021,6.8400846,9.244507,M
-11.64067,10.669304,11.717615,M
-9.098853,7.1323795,9.661328,M
-7.963879,6.6761036,10.571238,M
-11.190427,9.870106,12.792658,M
-9.221143,6.739842,12.40848,M
-11.389164,9.703573,12.840218,M
-7.047679,8.073761,9.285184,M
-7.3047504,8.189883,8.783798,M
-11.013744,9.744119,13.123589,M
-8.9723425,7.0915008,12.619054,M
-11.567078,10.346027,11.471351,M
-9.612434,6.649845,11.13578,M
-6.8930717,8.129396,8.771372,M
-8.059893,6.5961227,11.24255,M
-11.479265,9.275014,13.265255,M
-9.058167,7.052777,9.9129925,M
-10.865746,10.601091,10.382131,M
-8.138733,7.363252,11.949683,M
-11.351997,10.427191,11.715787,M
-8.974093,5.6714606,11.231491,M
-9.560813,5.2058864,12.3235445,M
-7.497992,7.903448,8.981622,M
-10.470462,10.810704,10.21432,M
-8.178151,7.1088357,11.390723,M
-11.292662,10.417215,11.517962,M
-8.799587,7.4653196,12.819849,M
-10.175898,11.1942215,11.133943,M
-8.308784,7.840178,10.35619,M
-10.505643,10.868022,11.927756,M
-8.056847,7.8736997,9.321862,M
-9.803587,5.564153,13.3060665,M
-11.404356,9.3842535,13.21366,M
-9.30066,6.5740433,12.610564,M
-7.3167,8.3891325,10.420876,M
-9.535126,5.100868,11.996038,M
-7.0047708,8.062117,9.162546,M
-9.749257,4.9940214,12.489405,M
-11.755185,10.00468,11.325769,M
-8.869388,6.31738,10.074087,M
-11.787382,10.150909,11.161644,M
-9.226712,6.195661,11.480817,M
-11.691312,10.048157,11.270195,M
-8.156054,6.1662655,11.019553,M
-11.73048,10.081946,11.2619705,M
-9.544407,6.5196,10.900123,M
-6.489498,8.215703,9.14948,M
-9.422245,6.7356205,10.780905,M
-11.61702,10.146175,10.800392,M
-7.955934,7.025399,10.830246,M
-14.271541,10.852528,1.4212362,N
-11.564775,6.4815516,-2.003775,N
-16.505238,10.527485,2.3401425,N
-11.180889,6.6415057,-2.5267475,N
-16.367695,10.3663645,2.1158848,N
-13.586297,9.044577,-0.81673497,N
-9.830934,7.3005095,-3.7078075,N
-13.930793,8.931444,-0.29287758,N
-15.099343,10.113763,1.1848441,N
-11.982252,8.703293,-2.4450998,N
-10.794555,8.817334,-3.7668796,N
-15.655617,9.952757,1.3352913,N
-10.511984,6.748017,-2.6949341,N
-15.869515,9.842052,1.3439504,N
-15.940931,9.234221,0.7767903,N
-12.073414,8.872293,-2.0266833,N
-11.282097,6.602066,-2.9706423,N
-16.552816,10.151391,2.003237,N
-12.960282,9.231691,-0.95091325,N
-11.552162,8.823015,-2.9041798,N
-13.961311,8.874666,-1.2538471,N
-11.006247,6.602048,-2.4072063,N
-16.785656,10.132594,2.1031697,N
-14.954125,9.78308,0.7783931,N
-9.98143,7.197622,-3.9386196,N
-13.230419,8.741471,-1.1911943,N
-14.420213,9.55935,0.21569644,N
-14.660391,10.402825,1.2049756,N
-12.067462,8.9075165,-1.8661724,N
-10.455845,8.77497,-4.246269,N
-15.109803,10.187219,1.267778,N
-12.25434,8.796045,-2.083869,N
-11.891808,9.345571,-1.6071036,N
-14.161776,10.441166,0.94131273,N
-10.256605,7.1225004,-3.8721066,N
-14.716822,10.375099,1.2148752,N
-11.940001,8.792802,-2.4385426,N
-15.393688,8.817367,0.11569164,N
-12.626849,9.422924,-0.9746113,N
-11.600138,8.97762,-2.7139354,N
-11.039368,6.6814294,-2.4277103,N
-16.467901,10.55708,2.3494198,N
-10.8834095,6.6432567,-2.4310691,N
-16.458319,9.82957,1.6510147,N
-13.542561,9.15122,-0.7417046,N
-10.589495,6.842581,-3.330299,N
-13.878337,8.745572,-1.0030644,N
-10.150703,7.0192432,-3.7032442,N
-14.74371,9.780472,0.6750546,N
-10.361411,6.8611608,-3.3926105,N
-14.719306,10.097527,0.98080736,N
-10.530877,6.8302855,-2.5285354,N
-16.415253,10.699813,2.450924,N
-12.902601,9.672986,-0.6778552,N
-11.4155,8.875665,-3.083765,N
-16.354977,9.180502,0.9546809,N
-13.1958065,9.812328,-0.35918778,N
-9.6725445,7.6261277,-3.9381397,N
-15.68297,10.317802,1.708277,N
-9.794214,7.1293907,-3.5364215,N
-16.595125,10.447006,2.3095875,N
-15.685694,10.210537,1.5993555,N
-9.544764,7.9766884,-4.3209944,N
-9.783773,7.1914635,-3.5471122,N
-11.635833,8.5162325,-2.5653822,N
-10.85535,8.834514,-3.7469518,N
-16.431711,9.756918,1.5575603,N
-13.068537,9.605076,-0.61285526,N
-11.971314,8.723766,-2.377272,N
-11.060683,8.815139,-3.4843771,N
-14.75972,9.205516,0.17874277,N
-14.598183,9.208338,-0.014604916,N
-13.602197,7.651195,-0.6728252,N
-15.660971,10.362256,1.7446325,N
-10.03776,6.9073806,-2.6196654,N
-13.783387,8.651548,-1.5288832,N
-17.265162,9.981174,2.2007823,N
-12.935623,9.102179,-1.4180722,N
-14.099704,8.571509,-0.58214325,N
-14.655123,9.364219,0.15264767,N
-9.816957,7.1215343,-3.5908813,N
-16.687721,10.192451,2.1098413,N
-13.964536,9.335736,-0.7025755,N
-11.360276,6.4815445,-2.8824136,N
-11.499235,8.847814,-2.958533,N
-13.906393,9.134271,-0.63803357,N
-10.036857,7.054844,-3.4502256,N
-10.342995,8.740868,-4.285156,N
-16.03205,10.026047,1.6095867,N
-14.829846,10.680322,1.574111,N
-12.80588,9.80699,-0.69305724,N
-10.364362,6.7321033,-2.5370274,N
-11.196495,6.5943656,-2.355168,N
-16.259758,9.044016,0.7699072,N
-10.384141,6.724108,-2.4547086,N
-13.775635,8.440855,-1.2148867,N
-16.627302,10.303451,2.1889782,N
-12.795411,9.241632,-1.180883,N
-10.231137,6.7989664,-2.7615213,N
-15.401461,9.600651,0.8504918,N
-9.805369,7.263964,-3.6104672,N
-4.592241,0.11217499,4.990161,O
-4.117158,-1.2026755,5.4593897,O
-4.58486,2.6218126,2.204599,O
-4.586495,-0.031169876,3.9758184,O
-2.6454322,1.0720285,5.4104815,O
-2.7721941,1.3226838,5.238789,O
-4.785791,2.5905015,2.4763975,O
-4.9024663,-0.41781515,4.1441727,O
-4.091739,-1.084404,5.22436,O
-2.9588878,-0.5852086,6.1346054,O
-2.6790428,0.9169397,5.4920416,O
-4.3199854,2.5426297,2.1001887,O
-4.046577,2.4859486,1.9323869,O
-4.965818,0.13533638,3.91897,O
-4.761189,0.18067494,4.034642,O
-5.5242376,2.8189209,2.8298886,O
-5.16827,2.5125535,1.8782988,O
-4.861593,0.022922417,3.5990424,O
-4.0917916,2.9301023,4.1038814,O
-4.6141033,2.2161853,2.610041,O
-4.082967,2.3677385,2.2915862,O
-4.276362,-0.43676665,4.562256,O
-2.640523,-0.24337032,5.651294,O
-4.2116857,-1.3114061,5.3521094,O
-2.2536154,0.7803539,5.217504,O
-5.77444,0.13395959,3.619251,O
-2.4304743,0.69186306,5.4083586,O
-4.544813,2.5035906,2.1627762,O
-5.352272,-0.2384209,3.976532,O
-4.5071054,-0.27001157,4.410231,O
-4.855459,0.3347267,5.153478,O
-4.507163,-1.764511,6.119214,O
-5.49316,3.5570223,3.584199,O
-3.813134,2.4715042,2.0509315,O
-6.5873327,-0.02490525,3.745403,O
-2.8286853,1.6197035,5.242963,O
-6.598673,-0.4146928,3.9323266,O
-5.6177263,2.735763,2.5174422,O
-3.891756,2.7421796,2.0189552,O
-4.70005,0.026168775,4.2985015,O
-4.179959,2.921561,1.7039584,O
-4.487996,-0.9796384,5.3578105,O
-6.686741,-1.2289344,4.165517,O
-4.764356,-0.11776218,4.344441,O
-4.362345,-1.372639,5.3661923,O
-2.9674733,0.27903453,6.1588306,O
-4.7084765,1.3909066,3.625167,O
-6.744064,-0.22453088,3.8626502,O
-4.2490883,-1.096218,5.580016,O
-2.9410179,1.139177,5.8940554,O
-2.8990738,0.9450585,5.9187107,O
-4.941889,3.1698494,3.0246418,O
-4.0476465,2.985333,2.0859196,O
-5.575562,0.122970745,4.2158313,O
-3.7994695,3.396288,2.155611,O
-5.6082006,-1.185143,5.8926716,O
-4.5413613,-1.2085762,5.8803353,O
-3.203269,2.279494,3.2140646,O
-3.7325711,3.28362,2.2861042,O
-3.919084,3.5242987,2.323204,O
-5.53247,-0.27184802,5.950034,O
-3.0501254,1.079011,6.1764727,O
-3.1193442,1.3942536,6.0418863,O
-3.1923668,1.4463633,6.132468,O
-3.8801787,3.413056,4.1411357,O
-7.0183797,0.66344404,4.1495347,O
-3.7580428,3.61085,1.8974645,O
-3.1478224,1.1113179,6.343601,O
-3.3623059,2.6794245,5.77793,O
-3.1432297,0.95619035,6.3034825,O
-4.507773,3.7208967,2.5222106,O
-6.9124084,-0.11555295,5.4083986,O
-3.43876,-0.18252479,6.842267,O
-4.7897305,3.7476144,3.3004549,O
-3.4824996,3.6387668,3.8766263,O
-5.4394665,0.09758913,6.062692,O
-3.4991002,0.3621147,6.930316,O
-3.608662,3.8646903,2.195161,O
-4.813082,3.9205477,3.3019037,O
-6.986404,0.07998975,4.7127213,O
-5.392861,-0.028159633,6.111322,O
-6.960563,0.20120266,4.767465,O
-6.8451233,0.1877508,4.7303405,O
-6.711687,0.08063796,5.0113797,O
-6.667493,0.22566201,4.9187846,O
-3.2913527,0.89251995,6.719488,O
-3.2938085,2.3806694,5.835064,O
-4.7766995,3.9127,3.2970448,O
-6.988072,0.36191022,4.6538286,O
-4.2171397,-0.7894805,6.5114193,O
-3.9229007,3.9370208,2.7949114,O
-3.3552856,2.2561707,6.0224423,O
-3.32167,1.5742463,6.458647,O
-4.01478,3.9168606,2.8286886,O
-3.796053,3.8864582,2.4505599,O
-6.6017094,0.37758893,5.027326,O
-5.302095,-0.43665493,6.17448,O
-3.2906148,1.5371271,6.3470263,O
-3.8135667,3.4575562,4.3252244,O
-7.160664,0.7509407,4.3109975,O
10.922553,-10.517742,5.886258,P
7.2892795,-11.345816,3.3364494,P
10.854833,-8.477546,3.025174,P
10.651237,-10.010387,5.7816415,P
10.851833,-10.21623,5.854005,P
8.145829,-11.969893,6.5236363,P
7.825601,-12.133066,2.459905,P
10.284857,-8.313943,3.1253345,P
11.270829,-11.347861,6.0339093,P
8.0887785,-11.124078,2.4361966,P
10.059081,-8.253923,3.2263339,P
7.5585914,-11.1361885,3.0634627,P
8.638084,-9.261737,4.788664,P
10.359772,-8.902984,4.99815,P
11.925723,-9.430251,4.127279,P
10.5567255,-11.440914,6.885829,P
8.30437,-12.096783,6.457305,P
7.6136184,-13.087095,2.6496313,P
7.990059,-8.510677,4.5590897,P
11.100131,-11.127375,5.996583,P
11.334195,-11.553379,6.0387597,P
10.090683,-8.942135,2.5711231,P
7.8226824,-8.400077,4.4927425,P
7.417675,-13.341754,5.0263653,P
8.605343,-13.241576,3.7766361,P
7.6708975,-11.153779,2.7749722,P
7.704457,-11.183168,2.7995734,P
7.8231826,-11.035934,2.7972422,P
11.551369,-9.071898,3.9134016,P
10.38646,-9.653443,5.6149683,P
10.526913,-8.593412,4.303772,P
11.129709,-11.106262,6.0111737,P
9.5378475,-12.431954,6.2253275,P
9.843114,-10.326069,7.2396345,P
7.6509557,-13.12791,2.7515495,P
7.832955,-13.401274,5.00743,P
8.371609,-13.71295,5.1100082,P
7.8279834,-13.5223055,5.0194793,P
8.430259,-13.856049,5.0463815,P
8.92581,-10.082057,0.782394,P
10.219316,-9.072105,5.283127,P
7.9225273,-9.390676,2.368775,P
7.996585,-10.778334,2.540511,P
10.109995,-8.530158,4.825457,P
11.381675,-11.5989,6.1659594,P
8.392576,-12.280616,6.389523,P
7.7033486,-11.629631,2.9044538,P
10.262881,-8.600155,4.79395,P
10.530454,-11.259424,6.8786845,P
8.1770735,-11.643566,6.709374,P
9.956235,-10.189909,6.9437084,P
11.430566,-11.626413,6.161018,P
8.528021,-10.138411,4.677107,P
9.667993,-12.635186,6.129027,P
10.608542,-12.44532,5.7512493,P
8.199447,-9.76439,2.8462245,P
8.814285,-10.071578,2.4232445,P
9.691214,-10.130427,2.462078,P
8.989923,-10.327728,1.3566376,P
10.183597,-8.625515,2.7197537,P
8.131857,-10.006863,2.9500985,P
8.0110035,-9.576164,3.4086888,P
8.193812,-9.6290865,3.201663,P
10.189347,-8.640477,4.8511972,P
10.364348,-9.170425,5.350218,P
10.400937,-9.010212,5.2165203,P
9.626886,-13.476703,5.890322,P
9.872362,-13.934704,5.8353295,P
7.3439054,-12.959559,4.238112,P
8.5888815,-10.458189,1.8215197,P
10.082503,-8.572443,4.8535876,P
10.229505,-8.378797,4.6630297,P
8.618871,-14.062129,5.193144,P
8.84005,-14.304754,5.2761526,P
8.366459,-9.9781685,2.4696248,P
8.839537,-9.647997,4.948298,P
9.672228,-13.80713,5.8577895,P
7.631114,-12.801483,5.529176,P
8.043992,-10.0332775,5.7038336,P
9.634036,-9.35064,5.792201,P
9.922524,-8.275309,4.7838383,P
10.027491,-8.571657,2.71122,P
11.014758,-10.799659,6.196499,P
8.406841,-12.344116,6.261221,P
7.6670866,-12.702568,3.0341337,P
7.3834796,-12.30613,5.636411,P
8.752325,-14.062939,5.2509656,P
8.251123,-8.979364,4.38632,P
8.485162,-9.562673,1.8931649,P
8.005798,-9.505018,3.2611675,P
8.107296,-9.954433,5.727376,P
10.26902,-8.174129,4.545468,P
8.974105,-9.298035,4.6468353,P
8.540749,-10.027803,2.1962335,P
10.67024,-8.737817,2.7402465,P
7.8366346,-12.54661,2.8045049,P
8.592562,-9.431737,2.0185394,P
8.037196,-9.440548,2.1524343,P
8.873252,-9.241126,3.9083862,P
10.532994,-12.181946,5.70839,P
9.143937,-13.722662,5.7113037,P
10.525377,-12.395765,5.6641173,P
8.848324,-12.969216,3.5957365,P
8.979149,-12.774516,3.600075,P
9.327598,-13.079721,5.916679,P
8.510512,-13.97186,4.847961,P
8.560465,-12.807935,6.0376434,P
8.693054,-10.953289,1.2542293,P
8.036848,-12.299077,6.0610237,P
8.970961,-13.897825,5.568947,P
7.7802444,-12.7405,3.233828,P
8.175998,-12.316848,6.1095715,P
7.64291,-12.933943,2.5707312,P
8.618328,-9.185314,4.6569138,P
11.369149,-8.827188,3.6122675,P
10.435916,-11.5725155,5.6627765,P
7.5486956,-13.293504,4.1414757,P
8.9348955,-10.0381365,0.8925551,P
11.414134,-8.796589,3.437611,P
10.417204,-10.588721,2.9684289,P
8.131846,-13.746307,4.740209,P
8.819709,-9.987789,1.4041041,P
10.113576,-9.065702,5.2300935,P
10.015011,-10.386233,6.991624,P
7.8880863,-11.583786,2.8342927,P
6.9744186,1.6975554,-0.8940116,Q
8.057985,-1.363154,0.42691875,Q
5.992363,-0.8491543,1.10021,Q
5.0092363,0.9606339,1.0411248,Q
5.159322,1.420403,1.1347756,Q
6.964038,-0.09769068,0.32689562,Q
6.841864,-1.7417309,1.2157336,Q
7.1347213,-2.160737,1.2567807,Q
4.9828963,2.2989616,-0.9269404,Q
5.682209,3.8573225,-0.48830143,Q
3.9375973,2.2262123,-0.3576053,Q
5.102778,0.11765069,1.1389797,Q
7.056413,-1.6232691,1.1697514,Q
7.281548,1.4542346,-0.14387445,Q
7.6576037,-1.3373767,0.57982963,Q
6.546001,5.14592,0.267888,Q
6.084968,4.7986374,0.1889213,Q
5.680751,4.2833443,-0.889119,Q
4.668897,2.6024456,-0.37443247,Q
6.7537103,5.3087144,0.30937022,Q
7.33647,3.7438135,0.60425955,Q
7.194784,3.3489025,0.0662234,Q
7.690872,3.7953544,1.0819082,Q
7.5804768,-2.1392481,0.9813358,Q
6.721784,4.372208,-0.94777054,Q
6.018573,4.168737,-0.651475,Q
5.9859743,4.4666405,0.044139456,Q
7.3879232,3.906114,0.7533468,Q
5.6139646,4.3539934,-0.13873245,Q
4.5635734,1.8774201,0.18045315,Q
4.4074244,2.572344,-0.18992189,Q
10.047715,11.187402,-2.5650449,Q
7.1127753,-1.0822927,1.1650289,Q
6.4391136,-1.1667991,1.7888886,Q
8.042746,2.3858407,0.90514755,Q
6.4233146,-2.4680426,0.8938228,Q
4.638071,1.6993846,0.4392203,Q
4.8107057,2.2585483,0.13234772,Q
5.5027165,1.165119,-0.41226137,Q
5.7679205,4.3572793,0.32941937,Q
5.847649,4.022328,-0.60515505,Q
5.3872657,1.3020304,-0.29217562,Q
7.157218,-1.5617137,-0.15007012,Q
7.9412227,2.557486,0.8637407,Q
7.605138,-2.2959118,0.8786596,Q
7.3565965,-0.55256265,0.42127016,Q
7.350821,1.1579753,0.023288194,Q
7.4792194,3.885838,0.92517257,Q
5.4087596,1.8140692,-1.3736346,Q
5.6754074,3.8576956,-0.54704314,Q
5.790503,3.9208272,-0.5502212,Q
6.95604,3.490767,0.012937429,Q
7.31895,3.0836644,0.46926677,Q
7.407541,1.4278016,1.0531453,Q
7.473275,-0.09849082,0.4369526,Q
6.8464274,-1.5309799,0.40322703,Q
4.7218995,1.8424251,0.26915446,Q
4.2891765,2.802519,-0.20460735,Q
5.09128,0.21184243,1.1379766,Q
5.1271667,1.3547385,1.1925774,Q
4.831742,2.010527,-0.0744879,Q
5.4068923,1.6320504,1.4103061,Q
6.743988,-2.646542,0.7981276,Q
8.036685,1.8127723,-0.16251573,Q
7.8557754,2.375415,-0.23826864,Q
6.530983,5.057574,0.2754013,Q
7.791944,-1.1154836,0.6397452,Q
5.995241,0.6628725,1.2786589,Q
7.502977,-1.0235933,0.24508797,Q
7.297184,-2.260148,1.1231208,Q
6.209934,-2.5346804,0.9619012,Q
5.5344825,0.945363,-0.27439454,Q
6.6150484,5.2876716,0.30935103,Q
7.594161,2.807338,0.6017348,Q
7.01524,2.4143941,1.0938232,Q
7.688128,-2.2677016,0.33017272,Q
8.006101,2.974673,0.7265823,Q
5.561361,4.2698555,0.03517603,Q
4.6297183,2.0309637,0.10478959,Q
7.088524,-2.5559156,0.56423515,Q
7.513738,-2.1594365,0.8028295,Q
6.5272503,-0.87307143,1.0350276,Q
6.6607213,-0.9273049,0.9818189,Q
7.475964,-2.1088927,0.6469232,Q
7.488563,-1.9739383,0.64549613,Q
7.491356,1.1282852,0.73204666,Q
7.3223352,-0.25902444,0.43541628,Q
7.663668,2.6018724,-0.35933098,Q
7.4892993,-0.4982763,0.39790297,Q
7.77155,-1.4958241,0.22722025,Q
7.253832,-0.861257,0.3549031,Q
6.635341,4.284331,-0.96638435,Q
5.7279615,3.8440316,-0.5837616,Q
6.6391497,5.2290115,0.20246023,Q
6.207933,5.339135,0.27649513,Q
6.976202,1.8111864,1.3082843,Q
7.314928,1.4461287,0.9302049,Q
5.55591,2.072098,-1.7130404,Q
5.3927484,3.7482502,-0.0024143523,Q
5.3321276,3.6340315,-0.13221736,Q
4.937898,2.2873776,0.3411295,Q
5.889076,0.40646857,1.2173961,Q
4.901927,1.6253505,0.48389786,Q
-7.0458364,-6.7213993,10.362693,R
-10.402243,-6.576742,9.779004,R
-7.8197365,-6.369548,14.341389,R
-8.629537,-7.7618575,9.508562,R
-9.905277,-7.3456864,10.530942,R
-8.847976,-6.4236407,10.622861,R
-7.0164075,-7.501464,11.733242,R
-9.223521,-8.642919,8.803353,R
-7.4381914,-7.1956096,13.288711,R
-10.0262575,-5.68586,10.68505,R
-7.8770027,-6.255508,10.696535,R
-11.16019,-7.428229,8.870787,R
-8.770688,-4.7651753,13.340151,R
-7.5009027,-6.7048965,11.137387,R
-9.705326,-8.444901,8.796613,R
-9.895562,-5.6105785,11.06293,R
-7.2836475,-7.324237,13.565496,R
-9.490226,-6.8502965,9.238065,R
-7.755721,-8.285713,11.61616,R
-10.46991,-6.854337,9.392221,R
-9.314999,-5.001656,12.859122,R
-9.770568,-6.193707,10.082473,R
-11.143201,-6.579293,9.702619,R
-7.5149174,-6.848489,12.603893,R
-8.723313,-7.072946,9.963688,R
-7.498549,-6.4578185,11.349491,R
-10.405849,-6.8945994,9.272161,R
-7.7837954,-6.5356874,14.065912,R
-10.126277,-7.1225076,8.970884,R
-9.336459,-4.9894476,12.811242,R
-7.829797,-6.3750467,11.278673,R
-10.623905,-7.527909,8.844538,R
-9.538204,-4.941451,12.881451,R
-7.243679,-5.637807,13.45324,R
-9.121458,-5.8704925,13.408376,R
-7.6686044,-6.321425,11.182799,R
-10.743387,-7.6133795,8.788918,R
-9.3782015,-4.821139,13.163057,R
-7.3549848,-7.077998,11.250577,R
-11.847047,-6.6159515,9.576612,R
-10.5449,-7.470142,8.921411,R
-8.541266,-5.90581,14.089273,R
-9.8168545,-7.502385,8.84045,R
-9.033492,-4.5825396,13.578998,R
-8.274798,-6.5901628,10.451266,R
-8.631291,-7.693849,10.144789,R
-7.321943,-7.253212,13.448452,R
-9.7623825,-6.0274715,10.288853,R
-9.442101,-4.522961,13.454265,R
-9.471468,-4.750457,13.20049,R
-7.886911,-6.7707634,10.33608,R
-9.464708,-4.6267514,13.43166,R
-7.9925046,-6.3762016,10.709787,R
-7.8952603,-7.73083,11.132492,R
-9.326056,-5.4492674,13.587521,R
-7.2580414,-7.4430265,12.649394,R
-9.614371,-6.698326,9.450093,R
-6.8356223,-6.7380114,10.165648,R
-9.266496,-4.8713245,13.136029,R
-9.49982,-8.480082,8.835589,R
-7.5897856,-6.8948913,14.0906515,R
-8.02586,-6.513758,10.5258465,R
-8.029161,-6.710688,13.986033,R
-10.833481,-7.070024,9.336956,R
-7.303122,-7.657665,13.556435,R
-8.934523,-8.866028,8.787035,R
-6.8723383,-7.5722284,14.636352,R
-8.545334,-7.7641115,9.608588,R
-7.0244436,-8.162224,13.280011,R
-7.517053,-6.4717913,10.746732,R
-10.933872,-6.6595774,9.79215,R
-8.417138,-6.071673,14.199055,R
-9.056705,-8.224519,9.225128,R
-7.189263,-7.7758946,13.552154,R
-10.960695,-7.493864,9.014962,R
-7.932569,-7.0535107,13.635707,R
-7.019974,-6.751196,10.085504,R
-10.215304,-6.0870414,10.329748,R
-7.2645097,-8.281584,12.041539,R
-11.516418,-7.0268703,9.339547,R
-7.3097467,-7.701143,13.141867,R
-11.082997,-7.2144275,9.282314,R
-9.581099,-4.9353724,12.852879,R
-7.139179,-7.7766576,13.269347,R
-11.217205,-7.568288,9.055828,R
-7.00742,-7.87734,13.925658,R
-8.991252,-8.874295,8.772078,R
-8.162421,-6.632233,14.032871,R
-8.031192,-6.972092,13.444,R
-11.092094,-7.8508525,8.908312,R
-8.170108,-6.5175014,14.188008,R
-7.4203815,-6.4135404,10.683915,R
-10.956453,-7.29295,9.811977,R
-7.9867444,-6.712531,13.97549,R
-8.80272,-7.8009357,9.760324,R
-11.02441,-8.087929,8.804539,R
-8.905525,-5.8045588,13.992476,R
-8.169152,-5.9790688,11.02819,R
-10.5595875,-8.345447,8.637426,R
-7.147248,-7.090345,14.883526,R
-13.026258,-7.147796,-3.2471535,S
-15.329441,-8.528139,-6.3576775,S
-13.039524,-9.032391,-0.49083358,S
-14.050837,-10.198104,-2.9821656,S
-13.782434,-7.5115604,-5.3660207,S
-13.861299,-9.95447,-2.7607443,S
-13.544744,-6.895035,-4.968049,S
-12.416188,-8.577795,-1.1438979,S
-14.096518,-9.104856,-2.7384121,S
-13.202154,-6.1080675,-3.4561002,S
-15.428319,-7.9685946,-6.8971834,S
-12.090478,-9.336819,-2.2227013,S
-14.230862,-8.266026,-3.495811,S
-11.765768,-8.820501,-0.64392,S
-14.271367,-7.91194,-3.4912088,S
-13.549098,-6.9515524,-4.935553,S
-14.489203,-8.522907,-6.4059496,S
-12.555915,-8.79248,-0.6751777,S
-15.766931,-8.337735,-7.450703,S
-13.905479,-5.4662795,-3.311199,S
-16.146132,-8.459197,-7.8229504,S
-13.077,-6.8595386,-4.5547986,S
-12.709833,-9.1784725,-3.6223218,S
-14.639091,-8.408536,-6.8736773,S
-12.782705,-9.757861,-1.9282697,S
-13.4507675,-5.870918,-3.3731217,S
-14.942748,-9.292972,-5.2246623,S
-12.939605,-8.94752,-0.46061027,S
-13.7325325,-7.607594,-5.5077686,S
-14.17025,-7.951648,-3.375231,S
-13.14092,-7.6437607,-4.5752554,S
-13.329555,-5.823938,-3.430027,S
-14.986969,-8.761586,-4.990883,S
-12.959062,-8.777906,-0.8297646,S
-15.488773,-6.6493917,-3.7064645,S
-14.315284,-8.237291,-5.837086,S
-12.798495,-8.009192,-1.4545796,S
-14.95147,-9.036522,-5.208887,S
-12.961112,-7.7514396,-1.6990544,S
-13.813834,-9.95527,-2.7889075,S
-14.685437,-8.129992,-6.6537223,S
-11.685253,-8.76765,-1.9962832,S
-13.896546,-9.258245,-1.9317406,S
-14.943308,-8.928051,-5.017877,S
-13.554656,-8.9246025,-1.5273278,S
-15.370383,-8.117169,-6.842613,S
-12.86329,-8.610548,-0.9653187,S
-14.89194,-9.002805,-5.2749686,S
-12.7113285,-6.168043,-2.804307,S
-15.520781,-6.2930455,-3.592743,S
-14.584159,-7.85899,-6.577829,S
-12.913685,-7.916417,-1.1975183,S
-13.899704,-7.5360317,-5.788671,S
-13.1450205,-9.79784,-1.6324129,S
-14.241504,-7.257447,-5.8715944,S
-13.3826475,-9.858048,-1.9901992,S
-15.435738,-8.076897,-7.033302,S
-13.4829855,-7.6687803,-2.9290435,S
-14.761682,-7.726774,-6.8927026,S
-12.933087,-7.9889717,-2.0245466,S
-15.587457,-8.166049,-7.235118,S
-12.852368,-8.319137,-1.0529081,S
-15.432668,-8.067651,-6.9546723,S
-13.457862,-8.594558,-0.30708456,S
-14.768789,-7.294204,-6.9751005,S
-12.929295,-7.837297,-0.73069584,S
-14.4303,-7.4998527,-6.425617,S
-12.520306,-9.211451,-3.5319908,S
-13.229803,-6.827748,-4.0175257,S
-15.42124,-6.878522,-3.7860906,S
-13.168964,-5.871887,-3.8346696,S
-13.617086,-9.781713,-3.2468224,S
-14.569112,-9.043133,-5.83868,S
-13.109885,-8.7473,-0.6031442,S
-13.214999,-7.2973814,-4.643374,S
-12.873963,-6.363331,-4.1293845,S
-12.803473,-9.364854,-3.4277165,S
-14.071985,-7.2339463,-6.039572,S
-12.580871,-9.407748,-2.5735826,S
-14.45798,-8.223269,-6.2070165,S
-13.373421,-8.898977,-1.0797455,S
-12.933472,-6.353495,-4.051736,S
-14.886284,-8.76408,-5.2558002,S
-12.0944395,-9.215337,-3.1151981,S
-14.756897,-7.871234,-3.8411782,S
-13.232415,-9.908484,-1.7594599,S
-15.028254,-9.182713,-5.5223813,S
-13.987163,-6.8658667,-5.4101973,S
-13.588615,-9.835633,-2.3842883,S
-13.620366,-5.56751,-3.3565228,S
-12.161805,-9.297066,-2.8174927,S
-12.909356,-6.502014,-4.255006,S
-12.571306,-9.366432,-3.1967072,S
-13.06112,-5.956298,-3.8671312,S
-14.88031,-10.0858755,-5.150489,S
-13.216379,-6.877677,-3.5844777,S
-14.968915,-9.5118265,-5.4759216,S
-12.793221,-8.526159,-1.1142117,S
-14.87341,-8.558337,-5.3265963,S
-12.737232,-8.694135,-0.6340082,S
-5.444536,9.785118,-11.664751,T
-3.044495,11.311155,-12.382507,T
-5.776982,11.949266,-9.626102,T
-2.9107962,11.766189,-12.074509,T
-4.5001483,12.216305,-10.228316,T
-5.7981477,12.498943,-9.32416,T
-7.52058,14.799183,-7.4424458,T
-7.004041,14.904358,-7.5879025,T
-7.549933,14.505086,-7.5592055,T
-7.8060985,14.881827,-7.3082433,T
-5.3943896,12.859947,-9.323344,T
-6.0862055,12.8013525,-9.031472,T
-4.476998,12.7132225,-9.964646,T
-2.5660424,11.938104,-12.294814,T
-5.834858,12.963475,-9.060925,T
-3.4453368,11.660762,-11.597851,T
-3.260363,11.5861225,-11.861524,T
-4.0156045,12.349297,-10.545739,T
-4.9778914,10.7991905,-10.856422,T
-4.5791903,12.53139,-9.99303,T
-2.5127587,11.783793,-12.512985,T
-6.5164437,13.525154,-8.4603815,T
-6.775672,14.624646,-7.8090377,T
-5.9938564,13.663959,-8.622075,T
-3.2051392,11.924946,-11.62397,T
-4.040831,11.757059,-10.921987,T
-5.014353,12.805136,-9.568793,T
-5.0515757,13.214888,-9.325826,T
-7.4666376,14.42691,-7.6199365,T
-7.3966317,14.706708,-7.5221453,T
-7.928445,14.2449255,-7.54734,T
-2.3826325,11.986717,-12.458912,T
-6.9044647,14.579486,-7.7761364,T
-6.6988225,14.347722,-7.9694834,T
-9.644081,9.385528,-5.4233603,T
14.643982,11.583618,-1.3386767,T
-4.7525373,9.4630165,-12.907443,T
-5.292036,10.235814,-11.190863,T
-3.0933008,11.152116,-12.500512,T
-2.8552418,11.173891,-12.772879,T
-5.4778876,11.4352665,-10.056602,T
-6.9265313,13.944166,-8.06711,T
-6.839635,11.907461,-9.257673,T
-6.383248,11.711437,-9.536667,T
-3.9296262,11.610885,-11.134728,T
-4.7938724,9.935517,-11.969759,T
-4.8261704,9.718998,-12.299695,T
-5.218216,10.01494,-11.508647,T
-7.456432,14.23168,-7.713142,T
-6.80844,11.657947,-9.42519,T
-5.4558764,10.805033,-10.53379,T
-4.489516,10.190087,-11.941344,T
-7.862048,14.030724,-7.6687098,T
-5.1810365,10.04393,-11.498921,T
-4.277053,12.43709,-10.271966,T
-4.9991517,9.993391,-11.688431,T
-4.578571,11.163335,-10.88049,T
-4.2533045,10.964162,-11.360903,T
-3.2265153,11.018284,-12.493016,T
-5.133124,10.930128,-10.6263075,T
-5.2135644,11.344883,-10.255171,T
-7.9000993,14.017487,-7.663936,T
-3.9705958,12.075755,-10.767545,T
-4.0745215,10.478885,-12.061808,T
-4.0407314,10.5881605,-11.968262,T
-7.2309003,13.578377,-8.136362,T
-6.766934,13.411418,-8.415249,T
-5.6526465,10.252676,-10.961735,T
-3.400029,10.71536,-12.658142,T
-6.234311,12.463244,-9.15044,T
-4.814382,12.767222,-9.710517,T
-7.5374603,13.368984,-8.132437,T
-5.443551,12.702174,-9.386571,T
-7.0268097,13.787818,-8.106188,T
-6.8580184,10.227597,-10.613305,T
-5.0936203,9.754973,-11.968195,T
-3.045443,11.038291,-12.695965,T
-7.670667,13.816968,-7.845464,T
-5.086232,11.083328,-10.532292,T
-8.170786,13.497602,-7.8258233,T
-5.1915903,11.240963,-10.345644,T
-4.778345,9.76342,-12.270203,T
-3.4671628,10.473814,-12.933056,T
-4.373723,10.262244,-11.971483,T
-7.4702263,11.240054,-9.49404,T
-4.955757,12.644149,-9.689021,T
-6.839639,9.590624,-11.313987,T
-5.051364,9.5619755,-12.356263,T
-8.119294,14.24286,-7.482022,T
-7.1091566,11.258554,-9.610155,T
-4.5867376,9.614086,-12.846504,T
-5.0049195,9.409764,-12.7124815,T
-6.6611295,9.834164,-11.086222,T
-7.0674243,13.343785,-8.331321,T
-5.295152,11.286879,-10.246454,T
-6.920179,11.494259,-9.497251,T
-5.5318217,9.379208,-12.339436,T
-6.1527276,9.95885,-11.099403,T
-7.137973,11.352373,-9.527397,T
-7.152119,11.63596,-9.32384,T
-2.7105587,-19.47734,-6.6448812,U
-5.112924,-15.768037,-6.9641204,U
-5.5054045,-12.974257,-5.307749,U
-4.180643,-17.214321,-4.0292654,U
-4.635828,-14.021824,-5.9473186,U
-3.5261228,-19.557926,-5.998811,U
-5.078785,-12.31521,-5.0639954,U
-3.9204683,-17.439053,-4.063621,U
-5.6113057,-16.166721,-5.5902424,U
-5.6519337,-13.034882,-5.481885,U
-3.9200077,-16.755724,-3.9966345,U
-3.5760121,-17.825659,-7.0188723,U
-5.702271,-15.81423,-5.5268803,U
-4.579897,-14.169765,-5.005683,U
-2.935468,-18.91277,-6.1100245,U
-4.931148,-13.292802,-5.1079664,U
-4.0848308,-18.184303,-4.0056825,U
-4.2997875,-13.1950865,-5.9424443,U
-4.2095566,-16.810059,-3.8997498,U
-3.6166358,-19.319195,-5.851531,U
-5.207008,-14.954411,-6.6814666,U
-3.9396617,-16.825039,-3.9909701,U
-3.6183648,-17.424606,-4.412238,U
-4.2867827,-16.74555,-7.657973,U
-4.721839,-13.844952,-5.00114,U
-4.0298223,-17.493027,-7.3262243,U
-5.123206,-12.723133,-5.3289495,U
-5.088872,-15.350311,-6.335591,U
-3.7828217,-14.050595,-4.885353,U
-5.333267,-17.273762,-6.1459093,U
-4.766316,-16.710743,-5.534567,U
-4.897234,-12.09541,-5.3745985,U
-5.204251,-16.595284,-5.266769,U
-3.8087702,-14.069947,-4.8688173,U
-4.639355,-15.614533,-5.3358026,U
-5.542639,-13.131251,-5.9458704,U
-4.010525,-17.482382,-4.3713355,U
-5.095913,-11.966377,-5.2869954,U
-3.5847485,-19.179083,-5.785543,U
-6.639964,-13.860467,-4.482113,U
-5.6774497,-15.9261265,-5.530124,U
-5.3820696,-11.809539,-5.346949,U
-2.976706,-18.11424,-6.0108743,U
-4.2234263,-13.850966,-5.041096,U
-4.32184,-16.626324,-7.730622,U
-5.2750945,-16.349142,-5.9160213,U
-5.171325,-12.075337,-5.297988,U
-4.3628917,-19.393763,-5.8747535,U
-3.8674011,-17.9972,-7.1708384,U
-5.1736403,-16.05691,-5.0320706,U
-3.755161,-17.363827,-4.4726887,U
-3.102959,-18.313692,-6.0227985,U
-4.2718434,-12.091899,-5.840968,U
-3.3812845,-18.4212,-6.164253,U
-5.3894777,-15.836323,-5.990825,U
-6.2325416,-12.485259,-4.874794,U
-3.9615524,-18.047077,-7.0344834,U
-3.9560382,-17.548965,-4.2493925,U
-5.3169947,-14.331142,-5.137281,U
-3.4352977,-18.692698,-5.709019,U
-4.9331446,-13.797035,-5.9570456,U
-4.2568736,-19.514097,-5.898322,U
-5.453865,-13.710162,-5.3485737,U
-5.5018063,-14.811235,-6.432667,U
-3.9493563,-19.691017,-5.863283,U
-6.7159038,-13.894964,-4.439955,U
-4.091765,-16.859533,-3.936509,U
-4.0496755,-17.706945,-7.2293878,U
-4.2803817,-16.528828,-3.7134335,U
-5.986111,-12.54663,-5.1693406,U
-3.9088864,-16.843897,-3.9454904,U
-3.25211,-18.30095,-6.080088,U
-4.5557947,-11.755905,-5.6837993,U
-4.32817,-17.754963,-4.309127,U
-5.5346975,-13.834503,-6.7153606,U
-3.977777,-17.903055,-7.252985,U
-5.2431493,-12.429653,-5.20733,U
-4.307536,-12.978407,-5.19785,U
-3.028619,-18.25905,-5.9350195,U
-5.13967,-15.578133,-5.9289684,U
-4.293853,-15.418738,-3.8222346,U
-4.573213,-18.919733,-5.3580313,U
-5.895111,-13.112549,-4.9111176,U
-4.589708,-14.346924,-5.1396,U
-5.0182657,-15.811439,-6.2532597,U
-5.5983706,-13.434549,-5.1681705,U
-5.20495,-16.679165,-6.3819003,U
-5.5160294,-13.149535,-5.0324993,U
-4.157327,-19.061993,-6.0175147,U
-5.3375816,-16.039946,-5.9206376,U
-6.2127566,-11.956742,-5.286497,U
-4.0439076,-18.148512,-7.0631804,U
-5.9569025,-12.561817,-4.989958,U
-4.0418453,-18.498013,-6.92482,U
-4.3068175,-12.881943,-5.25413,U
-4.082818,-17.850777,-7.200745,U
-4.5214534,-18.083408,-4.5133286,U
-5.367693,-18.5532,-5.8041196,U
-3.9092765,-17.29103,-4.187452,U
-4.4488096,-11.8678465,-5.715325,U
5.754775,-10.804308,-8.957877,V
4.81372,-13.640575,-7.975932,V
4.4351735,-11.751756,-7.112592,V
5.4547644,-11.054434,-8.789162,V
5.5782166,-10.8439245,-9.114086,V
4.9591184,-13.980817,-7.118849,V
7.598539,-9.696731,-7.01898,V
8.807366,-12.720594,-8.518938,V
8.107014,-13.04951,-9.25166,V
7.047737,-12.12248,-9.680398,V
8.829156,-12.731314,-8.519227,V
3.7466872,-12.799875,-7.0470786,V
6.113524,-9.748717,-8.007383,V
5.384516,-11.106741,-7.128558,V
6.8639517,-12.0436325,-9.68812,V
4.994676,-13.915381,-7.1524787,V
4.994887,-11.899502,-6.949635,V
4.970995,-11.852158,-6.9628386,V
6.297154,-12.550945,-9.951406,V
4.596107,-14.300332,-7.165256,V
4.3219566,-12.721636,-7.1321974,V
5.7889185,-14.043195,-8.182457,V
6.88054,-10.319048,-6.736926,V
6.5925074,-14.6313095,-8.213719,V
5.319323,-13.314771,-8.424612,V
5.28212,-11.5687,-6.823345,V
8.580764,-11.4289255,-8.859952,V
8.326972,-13.282207,-9.144389,V
5.951279,-14.382043,-8.139163,V
5.459192,-11.383123,-8.642034,V
5.3292685,-13.017601,-8.18271,V
4.3857665,-13.49927,-7.1183696,V
7.61605,-11.20451,-6.30964,V
9.187725,-12.902325,-9.454788,V
6.5547543,-12.261904,-9.965052,V
6.2581367,-13.314783,-9.6038885,V
4.8455553,-10.805363,-7.60425,V
5.275359,-13.607389,-8.4853525,V
6.977256,-10.468226,-6.39897,V
8.4128895,-12.245309,-7.3464103,V
7.9522142,-12.8216505,-9.399976,V
5.4769807,-12.640684,-8.768585,V
5.4495716,-11.455064,-8.638107,V
4.056979,-13.519573,-7.1525226,V
4.417792,-13.256573,-7.1723166,V
5.4299107,-10.980682,-7.1464214,V
7.887931,-11.107372,-7.1052003,V
5.5383806,-12.833962,-8.018438,V
4.4261866,-13.979423,-7.211991,V
7.7804003,-10.958921,-7.10275,V
7.927882,-11.31767,-7.000616,V
8.6934395,-11.7893095,-8.156186,V
5.7628956,-14.349392,-7.9053097,V
8.5504465,-11.14362,-7.9350557,V
6.126991,-12.119013,-8.610337,V
4.7731214,-11.638259,-6.9449825,V
5.2632117,-13.034509,-6.8067746,V
8.472033,-10.796646,-8.626706,V
8.754031,-13.136415,-8.560332,V
5.857495,-13.647458,-8.731982,V
5.4475026,-13.953705,-8.167207,V
7.9347253,-11.131091,-7.094212,V
7.229462,-12.035762,-9.766375,V
4.01397,-11.992721,-7.0639176,V
7.8929276,-11.115078,-7.088271,V
8.764318,-12.708407,-8.597772,V
7.3609424,-10.464297,-6.5480304,V
8.141741,-11.58937,-6.9972005,V
8.099149,-10.00087,-8.227647,V
6.2072363,-12.892003,-7.5529113,V
6.7574925,-9.599082,-8.814823,V
6.912384,-9.4055395,-6.526935,V
6.678574,-10.043468,-6.242184,V
7.236374,-9.850937,-7.976303,V
7.9438887,-9.721952,-8.241006,V
7.7860346,-9.4823265,-8.226379,V
6.0088596,-11.982046,-8.535592,V
5.4346476,-13.858875,-8.19156,V
6.6099935,-10.723996,-5.913401,V
6.602059,-10.362493,-6.539814,V
8.311364,-10.646794,-7.8187456,V
5.28717,-13.953057,-8.334163,V
6.8079805,-10.660944,-5.9207363,V
8.7860565,-12.47049,-8.431991,V
5.8618407,-11.00368,-9.401847,V
6.096005,-14.946684,-7.992901,V
5.42618,-11.490122,-6.7092814,V
6.7545958,-10.543504,-5.9061522,V
8.813928,-12.458289,-8.373016,V
7.9834046,-12.793541,-9.301548,V
5.2546554,-12.638387,-9.149377,V
7.0125213,-10.356028,-6.672178,V
8.557271,-10.724259,-8.5312805,V
8.324269,-13.880481,-8.677494,V
8.693747,-13.188191,-9.216085,V
8.524261,-12.5113735,-7.3856206,V
7.775742,-8.894092,-7.8602753,V
6.7422714,-11.917994,-9.762577,V
5.062321,-12.295848,-7.6141915,V
5.874322,-10.746917,-9.058701,V
5.0761046,-12.18036,-6.812474,V
1.1845464,-3.4259074,11.373298,W
3.0810106,-3.490895,10.674695,W
1.5263609,-5.0127325,12.804155,W
3.792595,-4.1580215,13.729055,W
1.9058367,-3.1964362,10.128306,W
2.1256711,-3.2897465,10.365442,W
1.7510253,-5.638393,13.148194,W
4.2816896,-5.4647813,15.147619,W
2.752377,-3.3602328,10.372188,W
1.8038495,-6.720022,12.506172,W
3.0103996,-6.4881477,16.646399,W
3.1631901,-3.7589614,14.715681,W
0.43775004,-5.5083165,11.756298,W
4.0979276,-4.5957513,14.123972,W
3.5169873,-3.7633367,12.446727,W
3.399646,-3.7289004,9.809366,W
3.1317432,-6.746654,16.603167,W
2.3905683,-3.4255614,9.356582,W
4.4167604,-6.0286264,16.77324,W
2.225535,-3.2670867,9.720246,W
1.8692318,-6.0454526,13.1037655,W
3.4379609,-3.661316,12.941414,W
3.1717846,-3.595139,9.690936,W
4.38544,-6.1324024,16.974052,W
1.651589,-3.0391853,9.655053,W
2.7146657,-3.8191984,12.621308,W
1.6979946,-4.3220897,8.955709,W
3.0160642,-6.3714943,16.975481,W
3.2614195,-3.2694957,12.532793,W
2.0780387,-7.133911,11.881184,W
4.271723,-5.5676904,15.410198,W
1.8125333,-3.2558696,9.807625,W
2.6380024,-6.6129065,15.4283695,W
1.7110105,-3.5624464,9.4459505,W
2.856493,-3.3095644,9.406764,W
0.9272683,-5.4965878,11.454566,W
4.7475586,-4.5959926,12.977608,W
1.670406,-3.5924633,9.31644,W
2.1999483,-6.2533607,15.176269,W
3.1490722,-3.4255915,13.978478,W
0.55221033,-5.7989316,11.817173,W
3.7335255,-3.9271123,11.817062,W
1.8734875,-6.3550525,12.591766,W
2.5299032,-3.0546136,9.642378,W
2.1309788,-6.252084,14.520694,W
2.9235785,-6.348334,16.722124,W
3.2066178,-3.501075,13.592412,W
1.8454119,-6.7426605,13.618733,W
2.4088087,-5.987503,14.500243,W
3.0765557,-3.4333158,13.455113,W
1.9952055,-5.9943256,13.59221,W
2.5994358,-6.4409833,16.324339,W
3.5261366,-3.784467,13.695179,W
2.5694811,-3.251457,9.894922,W
0.6480309,-6.1677737,11.7945385,W
4.29135,-5.992478,16.371435,W
2.0269716,-4.591551,8.959382,W
2.0730796,-7.326598,11.547119,W
3.329783,-3.7279115,13.942811,W
2.9823456,-4.2297,9.09702,W
3.4404376,-6.837009,16.843332,W
4.545469,-4.9328003,14.425381,W
0.9879038,-6.6581907,11.320931,W
2.9622204,-6.6197667,16.191885,W
3.6732106,-3.8001876,12.923745,W
3.4338517,-4.1832333,8.5243,W
3.355515,-3.6334956,10.835149,W
2.9476619,-4.3718896,9.037793,W
1.963533,-5.598741,13.754658,W
3.3017642,-4.0425987,13.818719,W
1.901967,-6.3018985,12.806875,W
4.5892224,-4.8438644,13.841299,W
2.7349873,-3.874747,9.402035,W
3.2187667,-4.221268,9.743068,W
4.2912955,-5.840914,16.300926,W
3.47729,-5.546536,16.917496,W
1.8612298,-6.735582,13.857055,W
3.8336468,-7.0319476,16.517412,W
2.3022697,-6.2910028,14.576134,W
3.5687845,-3.4940035,12.449902,W
3.9075673,-7.1972313,16.322111,W
3.7593744,-3.949817,13.137045,W
1.9144928,-5.276891,8.74304,W
2.9795644,-6.6362753,15.388044,W
3.3332753,-6.849417,16.887949,W
1.8752222,-6.4803853,12.553814,W
2.0117855,-5.007999,8.927835,W
3.9109612,-6.9815125,16.529196,W
3.9534414,-4.0037327,12.554056,W
4.888398,-4.7274218,12.92317,W
4.2102685,-4.1178613,12.576231,W
2.7762585,-4.245166,9.547655,W
3.5084944,-7.5513234,15.764915,W
0.46006444,-6.6858478,12.069623,W
4.3706512,-5.54939,15.300441,W
2.3217726,-4.6145616,9.017559,W
1.9622562,-7.2204847,11.682397,W
3.1562278,-6.930547,16.07144,W
1.9656886,-7.2055445,11.6348505,W
3.0840652,-6.6243,15.261187,W
1.0871272,-3.715213,11.321842,W
2.319311,-6.333918,14.947605,W
2.1531541,-6.131178,14.199018,W
3.0882368,-3.7363276,10.602777,W
2.93521,-4.4471865,9.82499,W
2.3368556,-6.5861545,14.189699,W
4.112493,-4.7801056,14.16152,W
2.9731007,-3.7305734,10.490213,W
3.177891,-3.9267898,10.603512,W
2.861137,-4.1813335,9.981331,W
1.0943425,-6.4228263,10.994043,W
0.16641505,-6.9217477,12.458327,W
4.2536726,-5.9015436,16.514778,W
0.87197703,-6.9161963,11.494457,W
2.9127479,-6.621488,16.185205,W
3.127002,-4.1791406,9.366851,W
2.3279123,-6.5108385,14.803946,W
1.2079172,-6.2670736,10.716246,W
4.5541167,-6.1741548,17.006584,W
3.2241323,-4.5664344,9.255254,W
1.2034098,-6.487119,10.810753,W
3.8115683,-7.214614,16.066313,W
1.9202265,-5.3976865,8.620969,W
0.6579416,-6.7316127,11.761349,W
4.3420787,-5.63513,15.328956,W
-0.64275455,2.1506224,-18.146112,X
-0.9440186,2.126271,-18.5009,X
1.4904267,1.9482697,-19.507778,X
0.42574626,2.2386937,-19.162277,X
2.648013,3.9456356,-19.69691,X
2.580044,4.297099,-18.994522,X
2.5625095,4.3371344,-18.384064,X
1.5337483,1.2958654,-19.400621,X
2.584411,3.9988878,-19.320303,X
2.606169,3.8290777,-19.128525,X
2.6678743,4.9846177,-19.797441,X
1.2923514,5.0082235,-17.686312,X
2.5273244,4.612043,-18.407253,X
-1.257148,2.7104888,-17.054544,X
0.3981111,2.0928879,-17.624846,X
0.6322321,1.9310434,-19.268354,X
2.6303015,4.3005724,-19.51664,X
2.513187,4.5714355,-18.269638,X
1.4689844,5.04047,-17.827192,X
1.2864358,5.083907,-17.828272,X
1.467994,5.2929816,-18.003426,X
0.12740833,2.233181,-17.176434,X
0.64178777,2.229913,-16.963911,X
-1.8503747,2.175948,-17.829456,X
1.9940989,5.76705,-19.326488,X
-0.33529302,3.0330284,-17.207308,X
2.5102794,3.1021733,-18.901987,X
1.4108095,5.0418963,-17.790028,X
0.6032127,4.5171375,-17.484108,X
2.6844118,4.4721375,-19.98255,X
2.7164679,4.4699845,-17.985683,X
2.631118,3.2708426,-19.095287,X
2.7684236,5.137616,-19.049496,X
2.6439517,4.3774505,-18.575943,X
2.5953033,4.1911173,-18.54071,X
1.6533166,1.2264813,-19.612228,X
2.6078162,3.5461946,-19.127384,X
1.6991278,2.4701338,-19.719456,X
1.6960874,1.4887664,-19.76414,X
-0.9196183,1.9807601,-17.495478,X
-0.7583815,2.028359,-17.288042,X
-0.8129148,2.175916,-18.078497,X
-0.9486744,2.1299112,-18.181896,X
0.6403237,1.8678672,-19.247887,X
1.8926535,5.842705,-19.081917,X
-0.5537219,2.1197388,-18.000225,X
-1.4079238,2.7538881,-17.009735,X
-1.5198661,2.1706457,-17.737692,X
1.5927471,1.8561742,-19.526226,X
1.7435675,2.4846735,-19.731441,X
1.1967232,2.3859015,-19.397253,X
1.8572129,2.7343826,-19.664932,X
1.7031025,1.6400421,-19.76909,X
1.6588855,1.6679907,-19.11737,X
0.38053522,2.1357982,-18.95788,X
-0.8774325,3.0491514,-16.979479,X
0.107488036,4.0032916,-17.357037,X
0.8142579,1.0095841,-17.66686,X
-0.29516238,2.2156613,-18.334377,X
1.9699293,2.3175523,-19.90394,X
-0.03275574,3.8880782,-17.269758,X
-0.23722899,3.2303078,-17.480316,X
-0.33537617,2.5240264,-16.806192,X
-0.3506129,2.7196245,-17.049236,X
0.28835973,2.1802125,-18.991837,X
-0.35793832,2.2272239,-18.722355,X
-1.154188,2.1650047,-17.642174,X
1.7054355,2.4469485,-19.691864,X
2.607922,4.4128757,-19.415152,X
2.1502638,4.6880617,-17.789604,X
1.2577256,1.6441768,-19.168745,X
1.9145749,5.811468,-19.083246,X
-1.3034219,2.6622798,-17.096775,X
1.395602,1.3079801,-18.63016,X
0.6792745,4.79866,-17.521961,X
-1.0031167,2.1232314,-18.008575,X
2.6621342,4.7820144,-19.899567,X
1.9819616,5.292908,-18.684893,X
1.336228,4.912375,-17.707432,X
12.339185,2.642467,-12.404761,Y
12.285603,2.4217587,-12.427101,Y
12.266335,2.4236374,-12.394942,Y
12.198248,1.5631454,-12.766975,Y
12.055769,1.9376643,-12.336454,Y
12.030002,1.520307,-12.50987,Y
11.817435,1.810786,-12.035604,Y
12.11835,1.8187913,-12.487623,Y
11.76155,1.0432694,-12.346991,Y
11.591084,1.469854,-11.881049,Y
11.357198,1.606757,-11.482205,Y
11.2845335,1.7445256,-11.394489,Y
11.408019,1.5154871,-11.638041,Y
11.417223,1.5236282,-11.558047,Y
11.03799,1.4263957,-11.280707,Y
10.610235,1.5423255,-10.920037,Y
10.864927,1.4903765,-10.9586735,Y
11.226735,1.5696976,-10.930656,Y
10.528356,1.9326954,-10.698986,Y
10.768933,1.1922252,-11.318344,Y
10.635162,2.1074376,-10.732751,Y
10.138694,0.3346419,-10.410784,Y
10.230598,0.53096294,-11.826222,Y
10.018988,-0.10760937,-10.929288,Y
9.848821,0.062120743,-11.382,Y
10.288307,0.80983454,-11.39905,Y
9.875004,0.67871773,-10.95216,Y
8.673661,-1.8714281,-10.044982,Y
10.069505,0.26865974,-11.501809,Y
9.64416,-0.5488362,-11.23002,Y
9.35624,-0.44823945,-11.912277,Y
9.785383,2.3892436,-10.122432,Y
9.469019,0.21308231,-9.452112,Y
9.501143,0.22151785,-9.6460705,Y
8.310804,-2.5442727,-12.010472,Y
9.531453,-0.13132523,-11.544999,Y
9.244814,1.1229693,-10.668668,Y
8.908245,-0.110301405,-9.464355,Y
9.042232,0.12711181,-9.706179,Y
8.420997,-1.1602807,-10.286802,Y
9.4890175,-0.13376229,-11.730534,Y
8.692334,-0.5884762,-12.130075,Y
8.82669,-0.88035834,-12.092441,Y
7.445299,1.3409418,-9.585766,Y
8.493875,-0.42359364,-9.605451,Y
8.646188,0.44740203,-8.725523,Y
7.9508452,-1.79492,-10.954163,Y
7.6969867,-2.082213,-12.028325,Y
7.8284416,-2.1286583,-10.960294,Y
7.985676,-0.5399726,-11.218126,Y
8.59807,-0.6402703,-12.219148,Y
8.553354,1.0487212,-9.38378,Y
8.341191,-0.24898152,-9.7961235,Y
7.506168,-0.2630383,-9.678007,Y
7.6510983,-2.1882102,-10.473561,Y
7.242584,0.14540282,-9.866223,Y
7.9719663,-1.8841748,-9.8321,Y
7.5765605,-1.9859113,-10.4543,Y
7.8273973,-0.10770264,-9.117272,Y
8.165575,0.4087989,-9.057456,Y
7.257522,-0.2667716,-10.898395,Y
7.4485617,-2.0285027,-11.950764,Y
7.475049,-2.1019819,-11.923556,Y
7.437749,-2.141853,-11.790144,Y
7.7252245,0.6721854,-10.665178,Y
7.9390373,-0.057567157,-9.100115,Y
7.7998767,0.8766517,-10.247288,Y
7.9668007,-1.5407765,-9.342814,Y
6.84775,-0.7952401,-9.2711115,Y
7.3214817,-2.2234397,-11.644138,Y
7.598896,-1.814695,-10.294505,Y
8.297475,1.8940524,-9.964827,Y
7.0656705,0.19543198,-11.150513,Y
7.3017373,-1.5130764,-11.663211,Y
6.859743,-0.043586884,-10.531346,Y
7.396107,-1.1903719,-11.899378,Y
7.093965,-2.9308155,-11.503954,Y
7.262513,0.30880058,-11.269119,Y
7.241262,0.62094784,-10.202435,Y
7.3231926,-0.22045207,-9.119995,Y
7.341083,0.38125226,-9.01789,Y
7.0642667,-0.21284194,-9.023699,Y
6.6270347,-1.0601085,-9.334,Y
7.1166945,-0.04927473,-8.73511,Y
6.766546,-0.18837024,-9.223458,Y
7.075139,-3.00725,-11.607729,Y
7.099413,-0.7446939,-11.212871,Y
7.146322,0.1947547,-10.987678,Y
7.1684594,-0.15271056,-9.462792,Y
6.9539003,0.5870239,-9.17947,Y
7.102955,-1.4427675,-10.045392,Y
7.8944,-1.5316594,-9.428277,Y
9.343121,2.6937034,-9.825408,Y
6.8808284,0.19537573,-9.101939,Y
7.703367,1.266212,-9.660665,Y
7.1137857,-0.3249487,-7.8661966,Y
6.7891,0.11241374,-8.574626,Y
9.5647745,2.5797412,-9.970335,Y
6.8138566,0.49909967,-9.27775,Y
7.143038,-2.0900042,-11.702378,Y
-5.0514545,-3.9419239,-3.4476466,Z
-2.6429253,-4.131275,-3.643105,Z
-2.3731995,-5.8329945,-2.0064125,Z
-4.0784907,-4.470805,-2.5737822,Z
-4.690367,-3.1328514,-3.166247,Z
0.124337286,-5.254292,-1.146622,Z
-4.779902,-3.4552095,-3.725048,Z
0.5705059,-5.465012,-0.76281583,Z
-3.721211,-4.658706,-2.0209332,Z
-4.683327,-3.6787667,-3.324276,Z
-4.075873,-3.331942,-4.102956,Z
0.6663562,-5.0462136,-1.4567189,Z
-0.9145002,-4.899111,0.19914587,Z
-3.5761428,-4.6565943,-2.1204123,Z
0.9141391,-4.924816,-1.5669923,Z
-1.1069098,-6.6348433,-2.1035678,Z
-0.5212202,-6.8636293,-0.8593878,Z
-4.8746147,-2.8705504,-3.0515003,Z
-3.873981,-3.5213163,-4.268532,Z
-1.3660452,-6.095148,-0.74500746,Z
-4.6931195,-3.1759448,-3.2469077,Z
0.057820417,-4.559109,-0.9184566,Z
-4.143188,-4.0856376,-2.893595,Z
0.37339807,-4.9450626,-1.7851596,Z
-0.79535323,-5.459094,-1.5541766,Z
-0.9132964,-5.9357176,-1.4211838,Z
-3.2143989,-3.383031,-3.7015488,Z
-1.397028,-5.5804815,-1.5768846,Z
-3.0692463,-3.418683,-3.5990329,Z
-1.2993859,-5.6655726,-1.6504114,Z
-4.152723,-3.3106072,-2.8798192,Z
0.8373875,-6.477609,-0.7938879,Z
-4.9022546,-2.6929538,-3.2386088,Z
-0.13705274,-5.8171406,-0.8916736,Z
-3.9259982,-3.2288308,-2.6953309,Z
-0.68748146,-5.7758093,-1.3420155,Z
-4.524037,-3.5729415,-3.0685136,Z
0.41895893,-6.1687975,-0.76500285,Z
-3.630201,-3.068237,-2.5195968,Z
-1.5970428,-5.3172884,-1.458709,Z
-1.7567639,-4.7371945,-0.35448477,Z
-4.59169,-3.4374201,-3.0477087,Z
-4.4639635,-2.823145,-4.4761615,Z
-0.3707394,-5.8140864,-1.471576,Z
-3.9217966,-2.6662657,-2.6025712,Z
-1.1169413,-6.265152,-0.9102936,Z
-3.4371054,-3.1045039,-2.46657,Z
-0.22297679,-5.7036037,-1.2798964,Z
-1.5180955,-4.564741,-0.21422341,Z
-2.651254,-3.3595068,-3.4451382,Z
0.7186073,-6.8361063,-1.3040384,Z
-3.7268312,-4.816388,-2.7681909,Z
-1.1848991,-3.9818883,-2.9059074,Z
0.87398887,-5.8808575,-2.1967099,Z
-1.4373102,-5.021081,-1.1755059,Z
0.08432932,-7.1157203,-1.164125,Z
-4.145916,-2.464189,-2.7393224,Z
1.332254,-6.3478465,-2.1922207,Z
-2.8673122,-2.9656582,-1.8442295,Z
-0.85749716,-4.256911,-2.8711255,Z
-1.7312478,-5.400497,-2.0953977,Z
-0.8425118,-3.9775705,-2.6332457,Z
-3.3775716,-2.0768743,-4.028616,Z
0.32544118,-5.872308,-0.6536239,Z
-1.9441662,-5.38228,-2.4119222,Z
1.4555812,-6.4392824,-2.3013282,Z
0.20933022,-7.156793,-1.1954451,Z
-2.8058712,-2.8221316,-3.519946,Z
1.2840315,-6.4036994,-1.2297933,Z
-2.3515801,-3.5268204,-0.98042804,Z
-1.2928952,-3.9934716,-2.9824946,Z
-2.928444,-2.8638067,-2.3110783,Z
1.4137368,-6.371223,-2.21301,Z
-3.48899,-2.6437051,-2.5821698,Z
0.6998281,-6.616877,-1.2939961,Z
-2.9521897,-2.705,-2.3802907,Z
-3.2923706,-2.1308124,-2.8399806,Z
1.0288652,-5.5880957,-2.4237938,Z
-3.5581577,-4.963737,-2.7920337,Z
-1.1423645,-3.967638,-2.9581354,Z
-0.9882793,-3.3009493,-2.4403334,Z
1.074784,-5.6000857,-2.1696105,Z
-3.8089483,-2.0893338,-3.1258557,Z
1.29184,-5.841776,-2.3113058,Z
-2.7364123,-3.1276348,-0.7936377,Z
-0.96813804,-3.9177399,-2.8363452,Z
0.37038767,-7.268822,-1.8188198,Z
-4.1952887,-2.378899,-3.0798006,Z
-2.250352,-2.9965756,-3.2087717,Z
-0.8021303,-6.1168504,-2.1560702,Z
-1.5067544,-4.5487676,-2.6227117,Z
-2.3632681,-3.476518,-0.94314957,Z
1.4037501,-5.8518453,-2.3564994,Z
0.3463294,-4.5090075,-2.2902286,Z
0.57754683,-6.9746947,-1.560477,Z
-1.7935416,-3.7543209,-0.46060184,Z
0.28149852,-6.64944,-1.9451437,Z
1.315848,-7.4031053,-2.2001185,Z
-2.647434,-2.8115594,-3.5135446,Z
-2.5434206,-2.8175862,-3.4149873,Z
