Address,GPIB0::22::INSTR
Model,34461A
Serial Number:,MY60051737
Firmware Version,A.03.03-03.15-03.03-00.52-04-03
Start Time,2026-08-19 13:18:53.695
Stop Time,2026-08-19 13:37:28.759
Sample Count,2645
Auto Range:,On
Auto Zero:,On
Measurement:, Resistance (2W) 
NPLC:,10
Null State:,False
Null Value(Ω):,0
Range(Ω):,100000
,
Time (s),Channel 1 (Ω)
2026-08-19 13:18:54.173,33274.0842
2026-08-19 13:18:54.589,33274.0238
2026-08-19 13:18:55.001,33272.7217
2026-08-19 13:18:55.441,33270.6565
2026-08-19 13:18:55.856,33268.819
2026-08-19 13:18:56.276,33269.9323
2026-08-19 13:18:56.703,33269.9081
2026-08-19 13:18:57.116,33268.2238
2026-08-19 13:18:57.558,33264.9237
2026-08-19 13:18:57.971,33265.2611
2026-08-19 13:18:58.399,33264.1523
2026-08-19 13:18:58.817,33261.062
2026-08-19 13:18:59.234,33259.0901
2026-08-19 13:18:59.677,33256.1108
2026-08-19 13:19:00.088,33254.0556
2026-08-19 13:19:00.502,33252.7832
2026-08-19 13:19:00.930,33252.6202
2026-08-19 13:19:01.343,33256.455
2026-08-19 13:19:01.767,33256.6413
2026-08-19 13:19:02.180,33257.4099
2026-08-19 13:19:02.612,33255.4974
2026-08-19 13:19:03.028,33256.363
2026-08-19 13:19:03.441,33255.4654
2026-08-19 13:19:03.854,33255.2665
2026-08-19 13:19:04.326,33256.3746
2026-08-19 13:19:04.747,33255.0356
2026-08-19 13:19:05.170,33254.3827
2026-08-19 13:19:05.596,33251.4737
2026-08-19 13:19:06.010,33252.9811
2026-08-19 13:19:06.425,33253.1054
2026-08-19 13:19:06.838,33254.6607
2026-08-19 13:19:07.273,33253.7098
2026-08-19 13:19:07.685,33252.324
2026-08-19 13:19:08.098,33252.5754
2026-08-19 13:19:08.515,33253.0222
2026-08-19 13:19:08.928,33252.7516
2026-08-19 13:19:09.341,33251.6498
2026-08-19 13:19:09.820,33249.6741
2026-08-19 13:19:10.233,33247.7494
2026-08-19 13:19:10.647,33248.3882
2026-08-19 13:19:11.061,33248.5181
2026-08-19 13:19:11.490,33249.597
2026-08-19 13:19:11.914,33250.1447
2026-08-19 13:19:12.327,33250.6598
2026-08-19 13:19:12.752,33250.4291
2026-08-19 13:19:13.166,33250.0248
2026-08-19 13:19:13.581,33249.5255
2026-08-19 13:19:14.044,33249.7899
2026-08-19 13:19:14.478,33249.7669
2026-08-19 13:19:14.890,33248.659
2026-08-19 13:19:15.303,33247.317
2026-08-19 13:19:15.716,33245.2046
2026-08-19 13:19:16.149,33244.7799
2026-08-19 13:19:16.570,33242.514
2026-08-19 13:19:16.983,33241.6944
2026-08-19 13:19:17.395,33241.8316
2026-08-19 13:19:17.818,33240.8922
2026-08-19 13:19:18.231,33240.0703
2026-08-19 13:19:18.657,33242.1696
2026-08-19 13:19:19.102,33241.2198
2026-08-19 13:19:19.528,33241.7431
2026-08-19 13:19:19.940,33240.5187
2026-08-19 13:19:20.352,33239.6425
2026-08-19 13:19:20.771,33234.9945
2026-08-19 13:19:21.203,33230.5878
2026-08-19 13:19:21.615,33228.5841
2026-08-19 13:19:22.041,33226.743
2026-08-19 13:19:22.454,33223.0802
2026-08-19 13:19:22.866,33220.3756
2026-08-19 13:19:23.308,33218.2274
2026-08-19 13:19:23.735,33210.8441
2026-08-19 13:19:24.150,33208.9291
2026-08-19 13:19:24.562,33210.35
2026-08-19 13:19:24.989,33211.8236
2026-08-19 13:19:25.423,33211.8375
2026-08-19 13:19:25.839,33213.191
2026-08-19 13:19:26.256,33213.4487
2026-08-19 13:19:26.670,33211.908
2026-08-19 13:19:27.084,33209.9548
2026-08-19 13:19:27.550,33210.0064
2026-08-19 13:19:27.963,33208.0754
2026-08-19 13:19:28.376,33207.4319
2026-08-19 13:19:28.801,33205.6342
2026-08-19 13:19:29.221,33209.0001
2026-08-19 13:19:29.654,33211.1237
2026-08-19 13:19:30.067,33212.2682
2026-08-19 13:19:30.479,33213.663
2026-08-19 13:19:30.904,33216.1494
2026-08-19 13:19:31.329,33216.674
2026-08-19 13:19:31.756,33217.2324
2026-08-19 13:19:32.168,33218.819
2026-08-19 13:19:32.590,33220.3548
2026-08-19 13:19:33.003,33219.5523
2026-08-19 13:19:33.416,33219.3479
2026-08-19 13:19:33.828,33219.4822
2026-08-19 13:19:34.248,33217.9081
2026-08-19 13:19:34.662,33217.0428
2026-08-19 13:19:35.160,33217.1887
2026-08-19 13:19:35.572,33215.7353
2026-08-19 13:19:35.986,33213.6353
2026-08-19 13:19:36.400,33213.1291
2026-08-19 13:19:36.814,33213.5315
2026-08-19 13:19:37.242,33214.3529
2026-08-19 13:19:37.656,33213.9684
2026-08-19 13:19:38.071,33216.0459
2026-08-19 13:19:38.485,33217.0616
2026-08-19 13:19:38.909,33217.4682
2026-08-19 13:19:39.322,33217.3272
2026-08-19 13:19:39.743,33216.3805
2026-08-19 13:19:40.162,33216.2259
2026-08-19 13:19:40.576,33215.8626
2026-08-19 13:19:40.987,33213.7076
2026-08-19 13:19:41.413,33211.432
2026-08-19 13:19:41.841,33211.1719
2026-08-19 13:19:42.252,33212.921
2026-08-19 13:19:42.665,33214.3419
2026-08-19 13:19:43.077,33215.9635
2026-08-19 13:19:43.538,33216.8342
2026-08-19 13:19:43.966,33217.3554
2026-08-19 13:19:44.377,33215.748
2026-08-19 13:19:44.790,33208.8311
2026-08-19 13:19:45.203,33206.7989
2026-08-19 13:19:45.616,33207.4563
2026-08-19 13:19:46.033,33210.5978
2026-08-19 13:19:46.446,33210.8847
2026-08-19 13:19:46.862,33210.7746
2026-08-19 13:19:47.292,33212.2485
2026-08-19 13:19:47.705,33211.5241
2026-08-19 13:19:48.132,33211.528
2026-08-19 13:19:48.544,33210.6026
2026-08-19 13:19:48.966,33209.7561
2026-08-19 13:19:49.393,33209.2671
2026-08-19 13:19:49.806,33210.4848
2026-08-19 13:19:50.219,33209.3182
2026-08-19 13:19:50.642,33207.7104
2026-08-19 13:19:51.103,33202.7796
2026-08-19 13:19:51.535,33199.8
2026-08-19 13:19:51.947,33198.6887
2026-08-19 13:19:52.373,33200.8124
2026-08-19 13:19:52.801,33201.3158
2026-08-19 13:19:53.212,33199.4417
2026-08-19 13:19:53.639,33197.1494
2026-08-19 13:19:54.051,33194.9854
2026-08-19 13:19:54.464,33192.4719
2026-08-19 13:19:54.877,33192.892
2026-08-19 13:19:55.290,33192.3178
2026-08-19 13:19:55.703,33190.0625
2026-08-19 13:19:56.167,33190.6361
2026-08-19 13:19:56.594,33191.2368
2026-08-19 13:19:57.060,33190.3574
2026-08-19 13:19:57.472,33188.3389
2026-08-19 13:19:57.886,33186.1269
2026-08-19 13:19:58.299,33184.3313
2026-08-19 13:19:58.716,33183.4154
2026-08-19 13:19:59.128,33181.2655
2026-08-19 13:19:59.554,33179.9038
2026-08-19 13:19:59.968,33182.5689
2026-08-19 13:20:00.382,33182.9225
2026-08-19 13:20:00.842,33181.2123
2026-08-19 13:20:01.256,33176.4418
2026-08-19 13:20:01.668,33176.6001
2026-08-19 13:20:02.096,33175.2906
2026-08-19 13:20:02.521,33170.1941
2026-08-19 13:20:02.933,33164.5523
2026-08-19 13:20:03.346,33158.7817
2026-08-19 13:20:03.774,33156.7719
2026-08-19 13:20:04.187,33155.8089
2026-08-19 13:20:04.601,33156.3125
2026-08-19 13:20:05.016,33156.5454
2026-08-19 13:20:05.430,33161.3424
2026-08-19 13:20:05.845,33164.6008
2026-08-19 13:20:06.259,33165.2918
2026-08-19 13:20:06.687,33167.3014
2026-08-19 13:20:07.099,33166.9678
2026-08-19 13:20:07.527,33167.0271
2026-08-19 13:20:07.940,33164.8482
2026-08-19 13:20:08.362,33168.2125
2026-08-19 13:20:08.773,33169.7742
2026-08-19 13:20:09.191,33169.3136
2026-08-19 13:20:09.630,33169.7707
2026-08-19 13:20:10.050,33169.5748
2026-08-19 13:20:10.469,33170.7892
2026-08-19 13:20:10.883,33171.577
2026-08-19 13:20:11.312,33171.4725
2026-08-19 13:20:11.744,33170.2573
2026-08-19 13:20:12.156,33168.8234
2026-08-19 13:20:12.573,33169.8132
2026-08-19 13:20:12.986,33170.2734
2026-08-19 13:20:13.413,33170.1069
2026-08-19 13:20:13.880,33170.4525
2026-08-19 13:20:14.294,33169.4767
2026-08-19 13:20:14.710,33168.5235
2026-08-19 13:20:15.131,33169.1206
2026-08-19 13:20:15.544,33169.0673
2026-08-19 13:20:15.981,33168.05
2026-08-19 13:20:16.406,33169.007
2026-08-19 13:20:16.828,33167.197
2026-08-19 13:20:17.241,33167.9927
2026-08-19 13:20:17.668,33169.9644
2026-08-19 13:20:18.096,33165.3587
2026-08-19 13:20:18.517,33150.4662
2026-08-19 13:20:18.936,33146.2434
2026-08-19 13:20:19.363,33148.124
2026-08-19 13:20:19.779,33151.8205
2026-08-19 13:20:20.220,33157.3751
2026-08-19 13:20:20.649,33157.1707
2026-08-19 13:20:21.062,33158.234
2026-08-19 13:20:21.477,33160.2775
2026-08-19 13:20:21.889,33160.856
2026-08-19 13:20:22.302,33161.2554
2026-08-19 13:20:22.730,33163.6164
2026-08-19 13:20:23.145,33163.2695
2026-08-19 13:20:23.611,33161.4522
2026-08-19 13:20:24.025,33160.3385
2026-08-19 13:20:24.452,33157.8124
2026-08-19 13:20:24.865,33153.7523
2026-08-19 13:20:25.287,33151.0325
2026-08-19 13:20:25.700,33151.8345
2026-08-19 13:20:26.118,33154.6729
2026-08-19 13:20:26.544,33156.332
2026-08-19 13:20:26.964,33154.0178
2026-08-19 13:20:27.376,33152.1348
2026-08-19 13:20:27.788,33151.4373
2026-08-19 13:20:28.200,33150.1585
2026-08-19 13:20:28.616,33152.7858
2026-08-19 13:20:29.060,33153.4587
2026-08-19 13:20:29.474,33151.9496
2026-08-19 13:20:29.896,33149.5995
2026-08-19 13:20:30.309,33149.2557
2026-08-19 13:20:30.778,33144.8742
2026-08-19 13:20:31.210,33141.8801
2026-08-19 13:20:31.622,33141.2143
2026-08-19 13:20:32.054,33146.4638
2026-08-19 13:20:32.469,33149.6284
2026-08-19 13:20:32.886,33151.13
2026-08-19 13:20:33.301,33150.4178
2026-08-19 13:20:33.728,33148.4888
2026-08-19 13:20:34.140,33147.927
2026-08-19 13:20:34.554,33149.3834
2026-08-19 13:20:35.016,33150.7897
2026-08-19 13:20:35.434,33144.769
2026-08-19 13:20:35.847,33145.2139
2026-08-19 13:20:36.258,33139.4071
2026-08-19 13:20:36.672,33144.212
2026-08-19 13:20:37.136,33139.347
2026-08-19 13:20:37.563,33134.8226
2026-08-19 13:20:37.976,33133.2796
2026-08-19 13:20:38.388,33133.2743
2026-08-19 13:20:38.812,33128.6611
2026-08-19 13:20:39.224,33124.3782
2026-08-19 13:20:39.653,33121.1589
2026-08-19 13:20:40.082,33139.846
2026-08-19 13:20:40.496,33134.8397
2026-08-19 13:20:40.912,33130.9899
2026-08-19 13:20:41.326,33127.8694
2026-08-19 13:20:41.740,33126.5267
2026-08-19 13:20:42.156,33125.56
2026-08-19 13:20:42.568,33124.732
2026-08-19 13:20:42.981,33126.1004
2026-08-19 13:20:43.446,33137.3426
2026-08-19 13:20:43.874,33141.5189
2026-08-19 13:20:44.302,33142.9327
2026-08-19 13:20:44.738,33143.4653
2026-08-19 13:20:45.151,33144.4807
2026-08-19 13:20:45.573,33146.9918
2026-08-19 13:20:45.985,33146.2521
2026-08-19 13:20:46.408,33145.51
2026-08-19 13:20:46.821,33143.0428
2026-08-19 13:20:47.234,33143.5449
2026-08-19 13:20:47.668,33143.4481
2026-08-19 13:20:48.080,33142.0965
2026-08-19 13:20:48.509,33139.588
2026-08-19 13:20:48.935,33137.5759
2026-08-19 13:20:49.348,33138.6603
2026-08-19 13:20:49.785,33138.5832
2026-08-19 13:20:50.201,33137.9141
2026-08-19 13:20:50.615,33135.156
2026-08-19 13:20:51.034,33133.7171
2026-08-19 13:20:51.447,33135.3369
2026-08-19 13:20:51.868,33137.5184
2026-08-19 13:20:52.281,33137.7158
2026-08-19 13:20:52.721,33137.5332
2026-08-19 13:20:53.133,33136.9913
2026-08-19 13:20:53.560,33137.4924
2026-08-19 13:20:53.977,33138.721
2026-08-19 13:20:54.389,33138.8299
2026-08-19 13:20:54.816,33139.8445
2026-08-19 13:20:55.229,33139.4493
2026-08-19 13:20:55.643,33137.7943
2026-08-19 13:20:56.056,33136.0276
2026-08-19 13:20:56.469,33135.891
2026-08-19 13:20:56.933,33134.2363
2026-08-19 13:20:57.357,33133.0295
2026-08-19 13:20:57.786,33130.6546
2026-08-19 13:20:58.198,33169.8864
2026-08-19 13:20:58.610,33305.6348
2026-08-19 13:20:59.046,33473.716
2026-08-19 13:20:59.459,33653.9189
2026-08-19 13:20:59.886,33846.1464
2026-08-19 13:21:00.298,34041.7083
2026-08-19 13:21:00.722,34243.146
2026-08-19 13:21:01.137,34455.5354
2026-08-19 13:21:01.570,34671.2706
2026-08-19 13:21:01.982,34901.6143
2026-08-19 13:21:02.396,35125.0034
2026-08-19 13:21:02.816,35333.6924
2026-08-19 13:21:03.228,35200.0816
2026-08-19 13:21:03.641,34973.2059
2026-08-19 13:21:04.054,34752.8579
2026-08-19 13:21:04.468,34535.5545
2026-08-19 13:21:04.881,34322.0198
2026-08-19 13:21:05.307,34117.3184
2026-08-19 13:21:05.724,33914.3072
2026-08-19 13:21:06.137,33721.0291
2026-08-19 13:21:06.549,33541.2494
2026-08-19 13:21:06.969,33377.6774
2026-08-19 13:21:07.383,33236.1161
2026-08-19 13:21:07.802,33186.9626
2026-08-19 13:21:08.214,33305.3773
2026-08-19 13:21:08.646,33460.768
2026-08-19 13:21:09.058,33635.0385
2026-08-19 13:21:09.488,33826.874
2026-08-19 13:21:09.901,34024.1612
2026-08-19 13:21:10.313,34024.1504
2026-08-19 13:21:10.741,33819.0392
2026-08-19 13:21:11.154,33630.3508
2026-08-19 13:21:11.567,33453.1875
2026-08-19 13:21:12.006,33290.1028
2026-08-19 13:21:12.432,33166.0091
2026-08-19 13:21:12.850,33219.3874
2026-08-19 13:21:13.262,33359.2735
2026-08-19 13:21:13.682,33526.9081
2026-08-19 13:21:14.144,33734.9461
2026-08-19 13:21:14.557,33930.2553
2026-08-19 13:21:14.990,34066.378
2026-08-19 13:21:15.403,33895.4452
2026-08-19 13:21:15.828,33698.8307
2026-08-19 13:21:16.268,33518.7373
2026-08-19 13:21:16.680,33341.497
2026-08-19 13:21:17.106,33202.0701
2026-08-19 13:21:17.520,33132.6867
2026-08-19 13:21:17.932,33134.4392
2026-08-19 13:21:18.395,33136.2234
2026-08-19 13:21:18.808,33138.067
2026-08-19 13:21:19.222,33140.1067
2026-08-19 13:21:19.647,33139.7096
2026-08-19 13:21:20.110,33137.1935
2026-08-19 13:21:20.536,33134.6066
2026-08-19 13:21:20.951,33131.172
2026-08-19 13:21:21.364,33126.975
2026-08-19 13:21:21.775,33130.0572
2026-08-19 13:21:22.187,33133.9494
2026-08-19 13:21:22.605,33205.7188
2026-08-19 13:21:23.018,33349.7606
2026-08-19 13:21:23.439,33513.212
2026-08-19 13:21:23.853,33696.5212
2026-08-19 13:21:24.284,33889.0877
2026-08-19 13:21:24.699,34093.1514
2026-08-19 13:21:25.123,34297.6148
2026-08-19 13:21:25.551,34512.9072
2026-08-19 13:21:25.977,34736.5842
2026-08-19 13:21:26.404,34963.8974
2026-08-19 13:21:26.821,35199.2807
2026-08-19 13:21:27.234,35333.0488
2026-08-19 13:21:27.648,35127.4851
2026-08-19 13:21:28.061,34901.841
2026-08-19 13:21:28.503,34683.3569
2026-08-19 13:21:28.931,34447.4536
2026-08-19 13:21:29.343,34240.5832
2026-08-19 13:21:29.756,34040.2424
2026-08-19 13:21:30.184,33845.6759
2026-08-19 13:21:30.635,33635.3462
2026-08-19 13:21:31.057,33462.0369
2026-08-19 13:21:31.471,33312.8326
2026-08-19 13:21:31.883,33203.6936
2026-08-19 13:21:32.310,33259.9972
2026-08-19 13:21:32.732,33402.3015
2026-08-19 13:21:33.149,33569.862
2026-08-19 13:21:33.563,33749.0862
2026-08-19 13:21:33.977,33941.656
2026-08-19 13:21:34.397,34093.9548
2026-08-19 13:21:34.809,33939.5262
2026-08-19 13:21:35.230,33747.6317
2026-08-19 13:21:35.701,33562.6923
2026-08-19 13:21:36.148,33363.1962
2026-08-19 13:21:36.573,33229.7357
2026-08-19 13:21:36.985,33220.5156
2026-08-19 13:21:37.401,33351.4019
2026-08-19 13:21:37.846,33513.9998
2026-08-19 13:21:38.259,33704.5787
2026-08-19 13:21:38.686,33893.6798
2026-08-19 13:21:39.098,34088.5682
2026-08-19 13:21:39.510,34013.0684
2026-08-19 13:21:39.975,33791.0015
2026-08-19 13:21:40.387,33604.6355
2026-08-19 13:21:40.813,33433.4746
2026-08-19 13:21:41.231,33282.3505
2026-08-19 13:21:41.644,33180.2089
2026-08-19 13:21:42.079,33170.2357
2026-08-19 13:21:42.495,33171.907
2026-08-19 13:21:42.909,33171.7159
2026-08-19 13:21:43.323,33171.8621
2026-08-19 13:21:43.750,33173.1155
2026-08-19 13:21:44.215,33172.918
2026-08-19 13:21:44.627,33173.2329
2026-08-19 13:21:45.053,33170.2777
2026-08-19 13:21:45.473,33168.8884
2026-08-19 13:21:45.886,33166.8425
2026-08-19 13:21:46.318,33165.2285
2026-08-19 13:21:46.749,33197.5251
2026-08-19 13:21:47.161,33323.8671
2026-08-19 13:21:47.573,33476.0871
2026-08-19 13:21:47.999,33651.9848
2026-08-19 13:21:48.427,33845.0296
2026-08-19 13:21:48.843,34048.5739
2026-08-19 13:21:49.269,34253.5645
2026-08-19 13:21:49.686,34468.3318
2026-08-19 13:21:50.098,34685.6399
2026-08-19 13:21:50.534,34913.0129
2026-08-19 13:21:50.946,35141.8614
2026-08-19 13:21:51.370,35352.9335
2026-08-19 13:21:51.782,35230.5991
2026-08-19 13:21:52.193,34999.3049
2026-08-19 13:21:52.617,34777.1582
2026-08-19 13:21:53.030,34552.2592
2026-08-19 13:21:53.443,34337.992
2026-08-19 13:21:53.880,34123.9454
2026-08-19 13:21:54.310,33920.5721
2026-08-19 13:21:54.740,33714.7211
2026-08-19 13:21:55.156,33533.242
2026-08-19 13:21:55.569,33370.3239
2026-08-19 13:21:55.982,33238.7692
2026-08-19 13:21:56.425,33207.2646
2026-08-19 13:21:56.839,33337.1488
2026-08-19 13:21:57.252,33493.569
2026-08-19 13:21:57.679,33676.0826
2026-08-19 13:21:58.141,33864.8884
2026-08-19 13:21:58.557,34083.1192
2026-08-19 13:21:58.969,34010.312
2026-08-19 13:21:59.382,33814.6067
2026-08-19 13:21:59.793,33624.5529
2026-08-19 13:22:00.224,33439.2257
2026-08-19 13:22:00.665,33285.2803
2026-08-19 13:22:01.083,33183.4904
2026-08-19 13:22:01.497,33271.0904
2026-08-19 13:22:01.922,33415.0677
2026-08-19 13:22:02.336,33587.969
2026-08-19 13:22:02.815,33794.0957
2026-08-19 13:22:03.234,33996.9839
2026-08-19 13:22:03.648,34064.3884
2026-08-19 13:22:04.062,33870.6795
2026-08-19 13:22:04.477,33678.8371
2026-08-19 13:22:04.915,33497.9881
2026-08-19 13:22:05.327,33327.5114
2026-08-19 13:22:05.761,33194.6021
2026-08-19 13:22:06.180,33152.3407
2026-08-19 13:22:06.596,33153.6729
2026-08-19 13:22:07.030,33153.6424
2026-08-19 13:22:07.446,33153.5977
2026-08-19 13:22:07.873,33153.0156
2026-08-19 13:22:08.286,33152.0821
2026-08-19 13:22:08.746,33151.4521
2026-08-19 13:22:09.165,33150.2815
2026-08-19 13:22:09.578,33145.8882
2026-08-19 13:22:10.014,33141.4428
2026-08-19 13:22:10.429,33137.4938
2026-08-19 13:22:10.857,33138.1142
2026-08-19 13:22:11.275,33231.4481
2026-08-19 13:22:11.687,33374.4432
2026-08-19 13:22:12.101,33541.3146
2026-08-19 13:22:12.514,33723.4621
2026-08-19 13:22:12.943,33921.4152
2026-08-19 13:22:13.371,34122.1998
2026-08-19 13:22:13.783,34333.698
2026-08-19 13:22:14.217,34543.971
2026-08-19 13:22:14.643,34771.1525
2026-08-19 13:22:15.058,35001.2309
2026-08-19 13:22:15.470,35230.4131
2026-08-19 13:22:15.896,35296.3489
2026-08-19 13:22:16.353,35035.8962
2026-08-19 13:22:16.769,34809.7212
2026-08-19 13:22:17.182,34586.9833
2026-08-19 13:22:17.608,34369.8446
2026-08-19 13:22:18.021,34154.1176
2026-08-19 13:22:18.463,33951.4754
2026-08-19 13:22:18.877,33740.8211
2026-08-19 13:22:19.303,33555.4288
2026-08-19 13:22:19.716,33381.5512
2026-08-19 13:22:20.178,33241.9456
2026-08-19 13:22:20.608,33159.9969
2026-08-19 13:22:21.020,33266.3149
2026-08-19 13:22:21.439,33414.2765
2026-08-19 13:22:21.852,33589.1246
2026-08-19 13:22:22.264,33774.429
2026-08-19 13:22:22.695,33967.6121
2026-08-19 13:22:23.109,34038.5876
2026-08-19 13:22:23.531,33842.5376
2026-08-19 13:22:23.948,33646.0894
2026-08-19 13:22:24.361,33464.4132
2026-08-19 13:22:24.821,33286.3537
2026-08-19 13:22:25.233,33166.2605
2026-08-19 13:22:25.646,33200.1104
2026-08-19 13:22:26.062,33332.4256
2026-08-19 13:22:26.477,33495.4288
2026-08-19 13:22:26.889,33675.4172
2026-08-19 13:22:27.367,33890.8662
2026-08-19 13:22:27.780,34053.267
2026-08-19 13:22:28.195,33909.8342
2026-08-19 13:22:28.608,33713.3452
2026-08-19 13:22:29.020,33526.7371
2026-08-19 13:22:29.447,33359.8813
2026-08-19 13:22:29.858,33216.6076
2026-08-19 13:22:30.285,33128.5988
2026-08-19 13:22:30.744,33125.4794
2026-08-19 13:22:31.173,33126.8682
2026-08-19 13:22:31.598,33125.3703
2026-08-19 13:22:32.010,33124.7893
2026-08-19 13:22:32.432,33124.8291
2026-08-19 13:22:32.851,33123.6717
2026-08-19 13:22:33.265,33122.4879
2026-08-19 13:22:33.680,33122.8751
2026-08-19 13:22:34.106,33123.9367
2026-08-19 13:22:34.521,33123.9546
2026-08-19 13:22:34.981,33123.8403
2026-08-19 13:22:35.410,33177.514
2026-08-19 13:22:35.822,33311.3981
2026-08-19 13:22:36.234,33468.4454
2026-08-19 13:22:36.649,33645.3028
2026-08-19 13:22:37.092,33835.8836
2026-08-19 13:22:37.514,34048.5788
2026-08-19 13:22:37.927,34259.2485
2026-08-19 13:22:38.342,34469.9605
2026-08-19 13:22:38.754,34687.638
2026-08-19 13:22:39.167,34910.215
2026-08-19 13:22:39.590,35137.5984
2026-08-19 13:22:40.021,35328.4361
2026-08-19 13:22:40.434,35152.844
2026-08-19 13:22:40.851,34922.8678
2026-08-19 13:22:41.264,34697.5736
2026-08-19 13:22:41.675,34481.5841
2026-08-19 13:22:42.101,34265.8511
2026-08-19 13:22:42.514,34062.5503
2026-08-19 13:22:42.926,33864.2819
2026-08-19 13:22:43.354,33667.9425
2026-08-19 13:22:43.767,33487.5827
2026-08-19 13:22:44.180,33329.5702
2026-08-19 13:22:44.617,33203.1343
2026-08-19 13:22:45.030,33193.3498
2026-08-19 13:22:45.444,33316.1172
2026-08-19 13:22:45.857,33471.4981
2026-08-19 13:22:46.283,33651.2467
2026-08-19 13:22:46.695,33851.2177
2026-08-19 13:22:47.123,34052.9402
2026-08-19 13:22:47.535,33977.6132
2026-08-19 13:22:47.963,33783.4049
2026-08-19 13:22:48.409,33593.0546
2026-08-19 13:22:48.829,33408.0361
2026-08-19 13:22:49.243,33259.9882
2026-08-19 13:22:49.662,33173.4918
2026-08-19 13:22:50.090,33263.944
2026-08-19 13:22:50.508,33412.4486
2026-08-19 13:22:50.936,33586.0424
2026-08-19 13:22:51.348,33778.8209
2026-08-19 13:22:51.760,33974.2055
2026-08-19 13:22:52.178,34067.2088
2026-08-19 13:22:52.593,33877.8077
2026-08-19 13:22:53.009,33683.4559
2026-08-19 13:22:53.444,33499.5274
2026-08-19 13:22:53.858,33326.1433
2026-08-19 13:22:54.270,33194.7218
2026-08-19 13:22:54.683,33144.0571
2026-08-19 13:22:55.108,33144.4209
2026-08-19 13:22:55.573,33143.0328
2026-08-19 13:22:55.987,33139.9709
2026-08-19 13:22:56.401,33140.8552
2026-08-19 13:22:56.823,33140.0283
2026-08-19 13:22:57.237,33138.6365
2026-08-19 13:22:57.651,33138.1905
2026-08-19 13:22:58.065,33136.5721
2026-08-19 13:22:58.499,33135.2452
2026-08-19 13:22:58.911,33134.5323
2026-08-19 13:22:59.326,33135.7943
2026-08-19 13:22:59.753,33204.0943
2026-08-19 13:23:00.170,33345.6558
2026-08-19 13:23:00.644,33532.0243
2026-08-19 13:23:01.057,33717.7043
2026-08-19 13:23:01.490,33919.1384
2026-08-19 13:23:01.903,34123.0891
2026-08-19 13:23:02.317,34331.0473
2026-08-19 13:23:02.749,34548.5203
2026-08-19 13:23:03.161,34776.3734
2026-08-19 13:23:03.575,35000.992
2026-08-19 13:23:04.001,35228.9963
2026-08-19 13:23:04.415,35327.4223
2026-08-19 13:23:04.827,35101.9229
2026-08-19 13:23:05.265,34865.07
2026-08-19 13:23:05.691,34637.5076
2026-08-19 13:23:06.115,34414.2372
2026-08-19 13:23:06.528,34199.5038
2026-08-19 13:23:06.946,33996.7091
2026-08-19 13:23:07.357,33796.6704
2026-08-19 13:23:07.792,33599.9957
2026-08-19 13:23:08.205,33427.3966
2026-08-19 13:23:08.624,33283.7688
2026-08-19 13:23:09.038,33184.0799
2026-08-19 13:23:09.452,33250.0706
2026-08-19 13:23:09.896,33387.4009
2026-08-19 13:23:10.325,33573.1961
2026-08-19 13:23:10.742,33758.1991
2026-08-19 13:23:11.155,33954.9865
2026-08-19 13:23:11.569,34084.583
2026-08-19 13:23:12.044,33887.908
2026-08-19 13:23:12.456,33689.5742
2026-08-19 13:23:12.872,33506.3916
2026-08-19 13:23:13.285,33341.2195
2026-08-19 13:23:13.698,33211.1867
2026-08-19 13:23:14.163,33208.0065
2026-08-19 13:23:14.578,33334.9038
2026-08-19 13:23:14.991,33494.798
2026-08-19 13:23:15.405,33675.4352
2026-08-19 13:23:15.816,33863.7543
2026-08-19 13:23:16.261,34052.1345
2026-08-19 13:23:16.673,33960.8789
2026-08-19 13:23:17.094,33762.3266
2026-08-19 13:23:17.506,33570.2542
2026-08-19 13:23:17.921,33397.1118
2026-08-19 13:23:18.333,33248.1837
2026-08-19 13:23:18.846,33135.8972
2026-08-19 13:23:19.260,33132.3451
2026-08-19 13:23:19.672,33136.0245
2026-08-19 13:23:20.084,33136.4446
2026-08-19 13:23:20.527,33136.3916
2026-08-19 13:23:20.939,33136.6913
2026-08-19 13:23:21.358,33137.119
2026-08-19 13:23:21.772,33136.8474
2026-08-19 13:23:22.184,33137.336
2026-08-19 13:23:22.601,33136.864
2026-08-19 13:23:23.015,33137.4039
2026-08-19 13:23:23.446,33137.8742
2026-08-19 13:23:23.861,33165.7534
2026-08-19 13:23:24.277,33285.7758
2026-08-19 13:23:24.690,33438.1336
2026-08-19 13:23:25.107,33611.5382
2026-08-19 13:23:25.570,33824.4584
2026-08-19 13:23:25.983,34024.1257
2026-08-19 13:23:26.402,34227.2424
2026-08-19 13:23:26.817,34440.5854
2026-08-19 13:23:27.244,34655.9012
2026-08-19 13:23:27.708,34908.669
2026-08-19 13:23:28.135,35140.0077
2026-08-19 13:23:28.548,35340.9343
2026-08-19 13:23:28.969,35182.2516
2026-08-19 13:23:29.387,34945.7298
2026-08-19 13:23:29.804,34713.7319
2026-08-19 13:23:30.218,34494.0292
2026-08-19 13:23:30.631,34275.7199
2026-08-19 13:23:31.045,34054.5981
2026-08-19 13:23:31.458,33861.1033
2026-08-19 13:23:31.870,33671.4479
2026-08-19 13:23:32.284,33493.8697
2026-08-19 13:23:32.699,33335.0791
2026-08-19 13:23:33.112,33207.2681
2026-08-19 13:23:33.528,33176.4816
2026-08-19 13:23:33.952,33294.2124
2026-08-19 13:23:34.365,33450.2575
2026-08-19 13:23:34.777,33625.9699
2026-08-19 13:23:35.196,33815.2667
2026-08-19 13:23:35.611,34018.0628
2026-08-19 13:23:36.024,34011.8884
2026-08-19 13:23:36.459,33810.9396
2026-08-19 13:23:36.872,33610.7421
2026-08-19 13:23:37.286,33433.8531
2026-08-19 13:23:37.704,33280.3424
2026-08-19 13:23:38.117,33165.2194
2026-08-19 13:23:38.545,33215.9942
2026-08-19 13:23:39.008,33374.6125
2026-08-19 13:23:39.440,33541.6992
2026-08-19 13:23:39.852,33734.2064
2026-08-19 13:23:40.263,33929.7803
2026-08-19 13:23:40.677,34061.8352
2026-08-19 13:23:41.089,33893.8799
2026-08-19 13:23:41.510,33701.3108
2026-08-19 13:23:41.938,33513.4081
2026-08-19 13:23:42.352,33340.7122
2026-08-19 13:23:42.859,33195.2772
2026-08-19 13:23:43.277,33136.5025
2026-08-19 13:23:43.690,33138.628
2026-08-19 13:23:44.106,33138.6408
2026-08-19 13:23:44.518,33140.3574
2026-08-19 13:23:44.930,33140.4264
2026-08-19 13:23:45.343,33140.3806
2026-08-19 13:23:45.778,33141.5733
2026-08-19 13:23:46.191,33141.1789
2026-08-19 13:23:46.622,33138.5386
2026-08-19 13:23:47.035,33138.6529
2026-08-19 13:23:47.448,33137.6655
2026-08-19 13:23:47.864,33138.0868
2026-08-19 13:23:48.293,33204.2209
2026-08-19 13:23:48.718,33336.5052
2026-08-19 13:23:49.133,33503.5963
2026-08-19 13:23:49.545,33686.3158
2026-08-19 13:23:49.964,33877.7564
2026-08-19 13:23:50.384,34079.319
2026-08-19 13:23:50.811,34287.0376
2026-08-19 13:23:51.224,34505.4694
2026-08-19 13:23:51.641,34722.5386
2026-08-19 13:23:52.070,34949.4741
2026-08-19 13:23:52.486,35186.7157
2026-08-19 13:23:52.899,35343.182
2026-08-19 13:23:53.315,35145.1565
2026-08-19 13:23:53.728,34911.571
2026-08-19 13:23:54.156,34677.6436
2026-08-19 13:23:54.569,34455.9142
2026-08-19 13:23:54.988,34241.8212
2026-08-19 13:23:55.415,34025.5313
2026-08-19 13:23:55.828,33826.4464
2026-08-19 13:23:56.241,33636.0649
2026-08-19 13:23:56.661,33461.3467
2026-08-19 13:23:57.089,33306.2621
2026-08-19 13:23:57.502,33186.2765
2026-08-19 13:23:57.915,33208.9151
2026-08-19 13:23:58.328,33336.638
2026-08-19 13:23:58.741,33495.1601
2026-08-19 13:23:59.214,33698.714
2026-08-19 13:23:59.627,33894.0393
2026-08-19 13:24:00.041,34062.459
2026-08-19 13:24:00.454,33927.0613
2026-08-19 13:24:00.882,33722.7717
2026-08-19 13:24:01.299,33536.6603
2026-08-19 13:24:01.711,33359.4834
2026-08-19 13:24:02.124,33215.1644
2026-08-19 13:24:02.536,33142.697
2026-08-19 13:24:02.948,33241.1427
2026-08-19 13:24:03.410,33404.7584
2026-08-19 13:24:03.821,33577.3731
2026-08-19 13:24:04.242,33764.9722
2026-08-19 13:24:04.654,33966.6141
2026-08-19 13:24:05.066,34017.3457
2026-08-19 13:24:05.499,33818.7717
2026-08-19 13:24:05.912,33613.7668
2026-08-19 13:24:06.331,33437.3744
2026-08-19 13:24:06.743,33273.1226
2026-08-19 13:24:07.157,33147.5713
2026-08-19 13:24:07.624,33112.7978
2026-08-19 13:24:08.048,33116.6518
2026-08-19 13:24:08.461,33118.4771
2026-08-19 13:24:08.888,33118.8253
2026-08-19 13:24:09.301,33117.7019
2026-08-19 13:24:09.718,33116.4981
2026-08-19 13:24:10.139,33116.3362
2026-08-19 13:24:10.552,33117.5137
2026-08-19 13:24:10.986,33118.0781
2026-08-19 13:24:11.398,33117.746
2026-08-19 13:24:11.811,33117.6639
2026-08-19 13:24:12.230,33118.9451
2026-08-19 13:24:12.642,33201.5495
2026-08-19 13:24:13.054,33338.5697
2026-08-19 13:24:13.466,33505.9932
2026-08-19 13:24:13.941,33715.2905
2026-08-19 13:24:14.367,33914.1674
2026-08-19 13:24:14.780,34123.8453
2026-08-19 13:24:15.193,34333.5034
2026-08-19 13:24:15.619,34556.5123
2026-08-19 13:24:16.032,34776.0264
2026-08-19 13:24:16.453,35000.3099
2026-08-19 13:24:16.866,35237.029
2026-08-19 13:24:17.280,35305.4376
2026-08-19 13:24:17.712,35065.9308
2026-08-19 13:24:18.131,34834.7842
2026-08-19 13:24:18.557,34607.6903
2026-08-19 13:24:18.978,34384.8752
2026-08-19 13:24:19.395,34169.1834
2026-08-19 13:24:19.812,33960.9364
2026-08-19 13:24:20.239,33762.3188
2026-08-19 13:24:20.652,33568.9717
2026-08-19 13:24:21.071,33397.874
2026-08-19 13:24:21.487,33253.8485
2026-08-19 13:24:21.913,33160.4416
2026-08-19 13:24:22.333,33235.459
2026-08-19 13:24:22.754,33375.6194
2026-08-19 13:24:23.166,33547.3363
2026-08-19 13:24:23.595,33739.6959
2026-08-19 13:24:24.012,33939.9263
2026-08-19 13:24:24.446,34055.0786
2026-08-19 13:24:24.871,33865.9183
2026-08-19 13:24:25.365,33629.3322
2026-08-19 13:24:25.777,33447.9038
2026-08-19 13:24:26.190,33290.887
2026-08-19 13:24:26.651,33166.9525
2026-08-19 13:24:27.069,33198.7624
2026-08-19 13:24:27.482,33330.6673
2026-08-19 13:24:27.895,33493.7238
2026-08-19 13:24:28.309,33677.0736
2026-08-19 13:24:28.721,33870.0639
2026-08-19 13:24:29.159,34050.0287
2026-08-19 13:24:29.573,33918.1666
2026-08-19 13:24:29.993,33721.9172
2026-08-19 13:24:30.406,33530.3579
2026-08-19 13:24:30.846,33354.7162
2026-08-19 13:24:31.262,33208.1056
2026-08-19 13:24:31.676,33125.0174
2026-08-19 13:24:32.090,33122.0533
2026-08-19 13:24:32.515,33121.668
2026-08-19 13:24:32.927,33123.7515
2026-08-19 13:24:33.360,33125.5585
2026-08-19 13:24:33.773,33125.724
2026-08-19 13:24:34.185,33124.1869
2026-08-19 13:24:34.597,33124.4867
2026-08-19 13:24:35.025,33122.8548
2026-08-19 13:24:35.457,33119.8159
2026-08-19 13:24:35.870,33119.1072
2026-08-19 13:24:36.282,33117.3284
2026-08-19 13:24:36.696,33141.0055
2026-08-19 13:24:37.109,33259.3369
2026-08-19 13:24:37.569,33430.5841
2026-08-19 13:24:37.988,33605.3062
2026-08-19 13:24:38.400,33796.8574
2026-08-19 13:24:38.815,33994.3863
2026-08-19 13:24:39.229,34200.0243
2026-08-19 13:24:39.659,34410.9359
2026-08-19 13:24:40.072,34637.1297
2026-08-19 13:24:40.485,34857.2954
2026-08-19 13:24:40.901,35084.6754
2026-08-19 13:24:41.314,35309.7414
2026-08-19 13:24:41.779,35182.6764
2026-08-19 13:24:42.213,34941.1924
2026-08-19 13:24:42.626,34710.6162
2026-08-19 13:24:43.038,34489.4554
2026-08-19 13:24:43.452,34278.0962
2026-08-19 13:24:43.873,34068.9023
2026-08-19 13:24:44.289,33862.8536
2026-08-19 13:24:44.708,33668.0121
2026-08-19 13:24:45.121,33487.7792
2026-08-19 13:24:45.534,33325.4918
2026-08-19 13:24:45.970,33193.8771
2026-08-19 13:24:46.382,33158.0019
2026-08-19 13:24:46.802,33275.461
2026-08-19 13:24:47.214,33428.8221
2026-08-19 13:24:47.626,33604.9498
2026-08-19 13:24:48.062,33794.3919
2026-08-19 13:24:48.489,34004.5716
2026-08-19 13:24:48.905,33970.537
2026-08-19 13:24:49.332,33768.3104
2026-08-19 13:24:49.746,33567.6189
2026-08-19 13:24:50.190,33383.2625
2026-08-19 13:24:50.604,33229.6799
2026-08-19 13:24:51.017,33127.309
2026-08-19 13:24:51.430,33198.9424
2026-08-19 13:24:51.842,33337.1509
2026-08-19 13:24:52.271,33503.2406
2026-08-19 13:24:52.683,33696.0192
2026-08-19 13:24:53.115,33900.657
2026-08-19 13:24:53.543,34038.3516
2026-08-19 13:24:53.955,33861.2709
2026-08-19 13:24:54.370,33667.2071
2026-08-19 13:24:54.783,33478.8289
2026-08-19 13:24:55.207,33318.992
2026-08-19 13:24:55.633,33185.8519
2026-08-19 13:24:56.051,33118.134
2026-08-19 13:24:56.478,33121.5261
2026-08-19 13:24:56.892,33123.5665
2026-08-19 13:24:57.303,33125.1592
2026-08-19 13:24:57.730,33127.4705
2026-08-19 13:24:58.144,33125.5219
2026-08-19 13:24:58.568,33124.0903
2026-08-19 13:24:58.980,33124.9006
2026-08-19 13:24:59.394,33126.2441
2026-08-19 13:24:59.821,33125.5569
2026-08-19 13:25:00.249,33126.3273
2026-08-19 13:25:00.666,33125.9622
2026-08-19 13:25:01.086,33172.2217
2026-08-19 13:25:01.512,33302.3214
2026-08-19 13:25:01.925,33464.8156
2026-08-19 13:25:02.337,33642.4367
2026-08-19 13:25:02.756,33830.8388
2026-08-19 13:25:03.168,34029.826
2026-08-19 13:25:03.579,34236.1313
2026-08-19 13:25:03.993,34447.9687
2026-08-19 13:25:04.419,34671.8846
2026-08-19 13:25:04.853,34896.7283
2026-08-19 13:25:05.277,35140.7524
2026-08-19 13:25:05.690,35342.5246
2026-08-19 13:25:06.108,35181.3454
2026-08-19 13:25:06.520,34947.3733
2026-08-19 13:25:06.952,34711.7785
2026-08-19 13:25:07.380,34479.2491
2026-08-19 13:25:07.794,34264.0805
2026-08-19 13:25:08.207,34056.0599
2026-08-19 13:25:08.620,33855.1351
2026-08-19 13:25:09.047,33662.025
2026-08-19 13:25:09.461,33474.7755
2026-08-19 13:25:09.882,33315.6996
2026-08-19 13:25:10.296,33190.9233
2026-08-19 13:25:10.711,33182.2408
2026-08-19 13:25:11.140,33301.9647
2026-08-19 13:25:11.551,33459.0764
2026-08-19 13:25:11.973,33635.9273
2026-08-19 13:25:12.386,33833.5093
2026-08-19 13:25:12.847,34032.024
2026-08-19 13:25:13.264,33949.0998
2026-08-19 13:25:13.698,33743.3767
2026-08-19 13:25:14.111,33556.0452
2026-08-19 13:25:14.525,33382.7441
2026-08-19 13:25:14.937,33237.9221
2026-08-19 13:25:15.351,33150.3306
2026-08-19 13:25:15.764,33234.8196
2026-08-19 13:25:16.176,33377.0404
2026-08-19 13:25:16.603,33547.2603
2026-08-19 13:25:17.022,33740.0084
2026-08-19 13:25:17.447,33940.0632
2026-08-19 13:25:17.859,34050.2762
2026-08-19 13:25:18.278,33863.7534
2026-08-19 13:25:18.705,33664.7047
2026-08-19 13:25:19.119,33473.1632
2026-08-19 13:25:19.551,33309.6179
2026-08-19 13:25:19.966,33174.414
2026-08-19 13:25:20.383,33119.3449
2026-08-19 13:25:20.798,33117.6984
2026-08-19 13:25:21.210,33116.5811
2026-08-19 13:25:21.650,33117.9646
2026-08-19 13:25:22.077,33117.0081
2026-08-19 13:25:22.498,33115.22
2026-08-19 13:25:22.912,33113.7219
2026-08-19 13:25:23.326,33114.8113
2026-08-19 13:25:23.758,33111.528
2026-08-19 13:25:24.188,33109.1587
2026-08-19 13:25:24.600,33106.7631
2026-08-19 13:25:25.022,33106.5521
2026-08-19 13:25:25.436,33170.2045
2026-08-19 13:25:25.861,33304.8283
2026-08-19 13:25:26.279,33474.6757
2026-08-19 13:25:26.693,33658.8228
2026-08-19 13:25:27.128,33859.3341
2026-08-19 13:25:27.540,34065.1722
2026-08-19 13:25:27.967,34272.3072
2026-08-19 13:25:28.380,34493.6096
2026-08-19 13:25:28.793,34710.6338
2026-08-19 13:25:29.206,34933.2283
2026-08-19 13:25:29.619,35162.3376
2026-08-19 13:25:30.091,35318.7974
2026-08-19 13:25:30.510,35098.3197
2026-08-19 13:25:30.936,34863.9228
2026-08-19 13:25:31.356,34629.8691
2026-08-19 13:25:31.771,34403.3861
2026-08-19 13:25:32.197,34184.9643
2026-08-19 13:25:32.610,33968.1811
2026-08-19 13:25:33.024,33765.3399
2026-08-19 13:25:33.445,33572.0468
2026-08-19 13:25:33.858,33393.1355
2026-08-19 13:25:34.274,33240.8557
2026-08-19 13:25:34.686,33127.6712
2026-08-19 13:25:35.099,33166.4402
2026-08-19 13:25:35.512,33294.0495
2026-08-19 13:25:35.925,33455.2766
2026-08-19 13:25:36.340,33641.7691
2026-08-19 13:25:36.754,33837.2084
2026-08-19 13:25:37.168,34020.2316
2026-08-19 13:25:37.580,33907.371
2026-08-19 13:25:38.007,33709.8051
2026-08-19 13:25:38.418,33515.7036
2026-08-19 13:25:38.832,33343.4257
2026-08-19 13:25:39.255,33200.3476
2026-08-19 13:25:39.681,33121.4868
2026-08-19 13:25:40.095,33220.0946
2026-08-19 13:25:40.513,33364.1163
2026-08-19 13:25:40.931,33537.8841
2026-08-19 13:25:41.345,33729.942
2026-08-19 13:25:41.775,33936.221
2026-08-19 13:25:42.187,34019.0788
2026-08-19 13:25:42.598,33825.3113
2026-08-19 13:25:43.011,33630.5439
2026-08-19 13:25:43.424,33446.1822
2026-08-19 13:25:43.838,33282.6594
2026-08-19 13:25:44.302,33142.171
2026-08-19 13:25:44.727,33102.5804
2026-08-19 13:25:45.139,33104.0801
2026-08-19 13:25:45.565,33102.7583
2026-08-19 13:25:45.983,33104.0409
2026-08-19 13:25:46.394,33105.6673
2026-08-19 13:25:46.816,33106.8688
2026-08-19 13:25:47.231,33107.0223
2026-08-19 13:25:47.645,33106.1962
2026-08-19 13:25:48.061,33105.3167
2026-08-19 13:25:48.487,33105.5697
2026-08-19 13:25:48.900,33106.4644
2026-08-19 13:25:49.312,33108.0143
2026-08-19 13:25:49.727,33173.0151
2026-08-19 13:25:50.140,33307.0161
2026-08-19 13:25:50.605,33489.8902
2026-08-19 13:25:51.018,33672.0684
2026-08-19 13:25:51.431,33867.3797
2026-08-19 13:25:51.856,34071.2195
2026-08-19 13:25:52.270,34288.1762
2026-08-19 13:25:52.696,34506.3864
2026-08-19 13:25:53.108,34736.1419
2026-08-19 13:25:53.521,34963.8012
2026-08-19 13:25:53.960,35206.3314
2026-08-19 13:25:54.377,35339.7929
2026-08-19 13:25:54.805,35121.6271
2026-08-19 13:25:55.218,34879.6834
2026-08-19 13:25:55.630,34651.2779
2026-08-19 13:25:56.042,34431.0835
2026-08-19 13:25:56.454,34216.0289
2026-08-19 13:25:56.927,33983.7655
2026-08-19 13:25:57.344,33776.6822
2026-08-19 13:25:57.756,33585.1683
2026-08-19 13:25:58.168,33410.4254
2026-08-19 13:25:58.592,33263.2052
2026-08-19 13:25:59.005,33153.6492
2026-08-19 13:25:59.425,33203.9332
2026-08-19 13:25:59.851,33337.1661
2026-08-19 13:26:00.263,33505.5415
2026-08-19 13:26:00.677,33689.8481
2026-08-19 13:26:01.090,33886.4042
2026-08-19 13:26:01.505,34050.688
2026-08-19 13:26:01.932,33905.2142
2026-08-19 13:26:02.363,33691.9675
2026-08-19 13:26:02.775,33503.5461
2026-08-19 13:26:03.194,33333.387
2026-08-19 13:26:03.610,33193.8972
2026-08-19 13:26:04.036,33141.4765
2026-08-19 13:26:04.464,33263.3773
2026-08-19 13:26:04.876,33417.0063
2026-08-19 13:26:05.299,33594.196
2026-08-19 13:26:05.712,33789.8137
2026-08-19 13:26:06.140,33996.4128
2026-08-19 13:26:06.553,34004.6066
2026-08-19 13:26:06.980,33801.4346
2026-08-19 13:26:07.392,33603.2882
2026-08-19 13:26:07.805,33423.2242
2026-08-19 13:26:08.243,33266.8669
2026-08-19 13:26:08.656,33145.6241
2026-08-19 13:26:09.069,33121.1883
2026-08-19 13:26:09.481,33123.5789
2026-08-19 13:26:09.893,33123.842
2026-08-19 13:26:10.356,33121.1355
2026-08-19 13:26:10.783,33119.2475
2026-08-19 13:26:11.199,33120.7439
2026-08-19 13:26:11.612,33119.1586
2026-08-19 13:26:12.025,33120.0398
2026-08-19 13:26:12.440,33121.7226
2026-08-19 13:26:12.859,33120.5713
2026-08-19 13:26:13.271,33117.5408
2026-08-19 13:26:13.685,33119.4115
2026-08-19 13:26:14.097,33205.0089
2026-08-19 13:26:14.514,33342.7507
2026-08-19 13:26:15.006,33543.4977
2026-08-19 13:26:15.417,33729.8058
2026-08-19 13:26:15.840,33927.4697
2026-08-19 13:26:16.256,34138.9924
2026-08-19 13:26:16.682,34352.59
2026-08-19 13:26:17.094,34576.7272
2026-08-19 13:26:17.507,34798.6663
2026-08-19 13:26:17.923,35025.9873
2026-08-19 13:26:18.390,35259.7138
2026-08-19 13:26:18.816,35264.9919
2026-08-19 13:26:19.231,35021.9564
2026-08-19 13:26:19.647,34790.2252
2026-08-19 13:26:20.059,34562.8956
2026-08-19 13:26:20.471,34344.5942
2026-08-19 13:26:20.899,34132.8544
2026-08-19 13:26:21.332,33915.1757
2026-08-19 13:26:21.746,33716.2354
2026-08-19 13:26:22.175,33520.2212
2026-08-19 13:26:22.588,33349.0093
2026-08-19 13:26:23.002,33209.6777
2026-08-19 13:26:23.426,33137.3591
2026-08-19 13:26:23.839,33232.1066
2026-08-19 13:26:24.252,33372.4042
2026-08-19 13:26:24.664,33542.8091
2026-08-19 13:26:25.098,33737.5494
2026-08-19 13:26:25.527,33939.3744
2026-08-19 13:26:25.939,34011.8569
2026-08-19 13:26:26.366,33806.917
2026-08-19 13:26:26.779,33615.0413
2026-08-19 13:26:27.196,33435.4295
2026-08-19 13:26:27.608,33276.1234
2026-08-19 13:26:28.021,33151.6401
2026-08-19 13:26:28.435,33153.2802
2026-08-19 13:26:28.896,33284.6331
2026-08-19 13:26:29.318,33466.7312
2026-08-19 13:26:29.735,33653.2699
2026-08-19 13:26:30.160,33849.5686
2026-08-19 13:26:30.582,34037.3065
2026-08-19 13:26:30.998,33913.5398
2026-08-19 13:26:31.411,33712.9547
2026-08-19 13:26:31.831,33520.7432
2026-08-19 13:26:32.244,33343.4891
2026-08-19 13:26:32.662,33203.1525
2026-08-19 13:26:33.074,33111.3896
2026-08-19 13:26:33.522,33101.8123
2026-08-19 13:26:33.936,33099.3764
2026-08-19 13:26:34.365,33098.9436
2026-08-19 13:26:34.779,33098.7831
2026-08-19 13:26:35.191,33097.5062
2026-08-19 13:26:35.629,33096.5898
2026-08-19 13:26:36.046,33097.4152
2026-08-19 13:26:36.458,33101.22
2026-08-19 13:26:36.870,33101.7957
2026-08-19 13:26:37.284,33103.6259
2026-08-19 13:26:37.725,33101.9942
2026-08-19 13:26:38.137,33128.2461
2026-08-19 13:26:38.549,33244.2758
2026-08-19 13:26:38.975,33394.1601
2026-08-19 13:26:39.394,33575.2305
2026-08-19 13:26:39.818,33768.4098
2026-08-19 13:26:40.231,33974.4647
2026-08-19 13:26:40.652,34181.8643
2026-08-19 13:26:41.066,34400.5663
2026-08-19 13:26:41.478,34621.342
2026-08-19 13:26:41.954,34873.3958
2026-08-19 13:26:42.368,35109.3527
2026-08-19 13:26:42.782,35325.3736
2026-08-19 13:26:43.196,35203.7191
2026-08-19 13:26:43.624,34967.1451
2026-08-19 13:26:44.056,34726.6081
2026-08-19 13:26:44.470,34496.3046
2026-08-19 13:26:44.888,34278.7796
2026-08-19 13:26:45.301,34063.9442
2026-08-19 13:26:45.727,33859.7999
2026-08-19 13:26:46.142,33657.673
2026-08-19 13:26:46.555,33471.7367
2026-08-19 13:26:46.968,33308.6324
2026-08-19 13:26:47.404,33176.6097
2026-08-19 13:26:47.822,33146.261
2026-08-19 13:26:48.249,33261.4261
2026-08-19 13:26:48.661,33417.5458
2026-08-19 13:26:49.094,33601.6897
2026-08-19 13:26:49.520,33796.2839
2026-08-19 13:26:49.939,34004.904
2026-08-19 13:26:50.351,33952.566
2026-08-19 13:26:50.764,33750.2788
2026-08-19 13:26:51.190,33558.721
2026-08-19 13:26:51.603,33374.4664
2026-08-19 13:26:52.031,33218.0005
2026-08-19 13:26:52.456,33116.3708
2026-08-19 13:26:52.869,33187.0785
2026-08-19 13:26:53.282,33325.2366
2026-08-19 13:26:53.694,33493.1925
2026-08-19 13:26:54.106,33678.9865
2026-08-19 13:26:54.536,33875.8435
2026-08-19 13:26:54.951,34033.7743
2026-08-19 13:26:55.365,33870.9817
2026-08-19 13:26:55.789,33671.1324
2026-08-19 13:26:56.205,33476.6769
2026-08-19 13:26:56.638,33305.9388
2026-08-19 13:26:57.051,33161.4511
2026-08-19 13:26:57.469,33087.675
2026-08-19 13:26:57.896,33089.1505
2026-08-19 13:26:58.314,33089.4601
2026-08-19 13:26:58.748,33089.6592
2026-08-19 13:26:59.160,33089.5609
2026-08-19 13:26:59.573,33088.5775
2026-08-19 13:26:59.985,33087.6863
2026-08-19 13:27:00.413,33087.0189
2026-08-19 13:27:00.867,33085.5095
2026-08-19 13:27:01.279,33085.1212
2026-08-19 13:27:01.698,33082.8631
2026-08-19 13:27:02.117,33081.8929
2026-08-19 13:27:02.534,33123.2318
2026-08-19 13:27:02.949,33250.5717
2026-08-19 13:27:03.371,33405.9171
2026-08-19 13:27:03.783,33585.452
2026-08-19 13:27:04.196,33775.0129
2026-08-19 13:27:04.610,33976.6658
2026-08-19 13:27:05.089,34211.8343
2026-08-19 13:27:05.501,34433.7499
2026-08-19 13:27:05.921,34654.0082
2026-08-19 13:27:06.333,34881.839
2026-08-19 13:27:06.746,35116.8397
2026-08-19 13:27:07.163,35307.4641
2026-08-19 13:27:07.576,35134.9503
2026-08-19 13:27:07.988,34901.3967
2026-08-19 13:27:08.399,34673.4163
2026-08-19 13:27:08.812,34451.3645
2026-08-19 13:27:09.253,34235.243
2026-08-19 13:27:09.667,34010.7647
2026-08-19 13:27:10.083,33808.5429
2026-08-19 13:27:10.494,33613.9844
2026-08-19 13:27:10.921,33426.4318
2026-08-19 13:27:11.362,33267.2388
2026-08-19 13:27:11.774,33136.6015
2026-08-19 13:27:12.187,33137.1963
2026-08-19 13:27:12.600,33257.15
2026-08-19 13:27:13.030,33419.0157
2026-08-19 13:27:13.473,33598.456
2026-08-19 13:27:13.893,33806.9142
2026-08-19 13:27:14.306,34002.8769
2026-08-19 13:27:14.732,33915.2743
2026-08-19 13:27:15.145,33708.0942
2026-08-19 13:27:15.574,33509.3068
2026-08-19 13:27:15.987,33332.2448
2026-08-19 13:27:16.416,33181.955
2026-08-19 13:27:16.828,33094.8848
2026-08-19 13:27:17.240,33177.0293
2026-08-19 13:27:17.671,33316.6647
2026-08-19 13:27:18.083,33493.0385
2026-08-19 13:27:18.510,33679.5494
2026-08-19 13:27:18.924,33884.1057
2026-08-19 13:27:19.338,33993.3399
2026-08-19 13:27:19.780,33797.6824
2026-08-19 13:27:20.201,33592.541
2026-08-19 13:27:20.617,33402.5025
2026-08-19 13:27:21.030,33239.2422
2026-08-19 13:27:21.442,33110.1343
2026-08-19 13:27:21.876,33054.1244
2026-08-19 13:27:22.303,33054.5498
2026-08-19 13:27:22.729,33054.4329
2026-08-19 13:27:23.146,33054.469
2026-08-19 13:27:23.573,33054.4438
2026-08-19 13:27:23.985,33052.3413
2026-08-19 13:27:24.396,33051.1033
2026-08-19 13:27:24.819,33050.2385
2026-08-19 13:27:25.244,33048.2277
2026-08-19 13:27:25.655,33046.6135
2026-08-19 13:27:26.068,33047.3981
2026-08-19 13:27:26.490,33045.8455
2026-08-19 13:27:26.919,33106.6552
2026-08-19 13:27:27.332,33244.4114
2026-08-19 13:27:27.759,33412.953
2026-08-19 13:27:28.182,33595.4478
2026-08-19 13:27:28.595,33797.0672
2026-08-19 13:27:29.028,34000.5348
2026-08-19 13:27:29.441,34220.418
2026-08-19 13:27:29.864,34437.2093
2026-08-19 13:27:30.277,34663.6761
2026-08-19 13:27:30.693,34890.3292
2026-08-19 13:27:31.107,35123.8211
2026-08-19 13:27:31.521,35279.1141
2026-08-19 13:27:31.940,35077.2006
2026-08-19 13:27:32.352,34838.7702
2026-08-19 13:27:32.766,34612.6664
2026-08-19 13:27:33.180,34390.7853
2026-08-19 13:27:33.594,34174.8367
2026-08-19 13:27:34.007,33963.5059
2026-08-19 13:27:34.425,33757.7742
2026-08-19 13:27:34.838,33565.0171
2026-08-19 13:27:35.253,33385.2468
2026-08-19 13:27:35.668,33229.1462
2026-08-19 13:27:36.082,33108.9041
2026-08-19 13:27:36.515,33114.8984
2026-08-19 13:27:36.927,33239.2291
2026-08-19 13:27:37.339,33393.6418
2026-08-19 13:27:37.751,33573.1349
2026-08-19 13:27:38.183,33774.7077
2026-08-19 13:27:38.609,33969.7993
2026-08-19 13:27:39.021,33878.0292
2026-08-19 13:27:39.433,33676.533
2026-08-19 13:27:39.867,33481.8926
2026-08-19 13:27:40.279,33304.4295
2026-08-19 13:27:40.720,33154.5981
2026-08-19 13:27:41.133,33070.4042
2026-08-19 13:27:41.546,33160.0148
2026-08-19 13:27:41.970,33300.5723
2026-08-19 13:27:42.384,33474.7965
2026-08-19 13:27:42.799,33663.6591
2026-08-19 13:27:43.213,33864.2609
2026-08-19 13:27:43.626,33966.1193
2026-08-19 13:27:44.038,33775.1504
2026-08-19 13:27:44.504,33557.1194
2026-08-19 13:27:44.965,33376.2104
2026-08-19 13:27:45.380,33201.3002
2026-08-19 13:27:45.823,33074.5335
2026-08-19 13:27:46.249,33047.9724
2026-08-19 13:27:46.662,33049.0134
2026-08-19 13:27:47.075,33049.0551
2026-08-19 13:27:47.503,33051.2618
2026-08-19 13:27:47.917,33052.8919
2026-08-19 13:27:48.336,33054.3712
2026-08-19 13:27:48.751,33054.5237
2026-08-19 13:27:49.163,33054.4342
2026-08-19 13:27:49.597,33054.9365
2026-08-19 13:27:50.012,33055.9177
2026-08-19 13:27:50.425,33056.3054
2026-08-19 13:27:50.837,33058.7079
2026-08-19 13:27:51.252,33136.5547
2026-08-19 13:27:51.671,33273.9798
2026-08-19 13:27:52.161,33474.0154
2026-08-19 13:27:52.573,33659.912
2026-08-19 13:27:52.986,33855.8059
2026-08-19 13:27:53.399,34060.0887
2026-08-19 13:27:53.830,34279.7216
2026-08-19 13:27:54.244,34501.6898
2026-08-19 13:27:54.670,34734.8038
2026-08-19 13:27:55.104,34973.0506
2026-08-19 13:27:55.531,35210.0625
2026-08-19 13:27:55.951,35240.9248
2026-08-19 13:27:56.365,34998.1882
2026-08-19 13:27:56.791,34764.8909
2026-08-19 13:27:57.210,34527.5889
2026-08-19 13:27:57.623,34303.605
2026-08-19 13:27:58.037,34090.0183
2026-08-19 13:27:58.454,33883.3706
2026-08-19 13:27:58.871,33681.7863
2026-08-19 13:27:59.283,33493.1746
2026-08-19 13:27:59.695,33320.2574
2026-08-19 13:28:00.115,33179.4135
2026-08-19 13:28:00.528,33087.0932
2026-08-19 13:28:01.004,33173.0419
2026-08-19 13:28:01.417,33319.667
2026-08-19 13:28:01.840,33489.929
2026-08-19 13:28:02.253,33681.8798
2026-08-19 13:28:02.685,33887.1977
2026-08-19 13:28:03.098,33972.1707
2026-08-19 13:28:03.515,33777.6707
2026-08-19 13:28:03.928,33580.3609
2026-08-19 13:28:04.356,33390.8797
2026-08-19 13:28:04.779,33230.2247
2026-08-19 13:28:05.210,33100.5477
2026-08-19 13:28:05.624,33111.766
2026-08-19 13:28:06.037,33238.1126
2026-08-19 13:28:06.465,33403.9215
2026-08-19 13:28:06.879,33586.5448
2026-08-19 13:28:07.304,33784.7821
2026-08-19 13:28:07.718,33979.268
2026-08-19 13:28:08.131,33881.2508
2026-08-19 13:28:08.543,33678.5526
2026-08-19 13:28:08.955,33488.1233
2026-08-19 13:28:09.391,33312.9124
2026-08-19 13:28:09.803,33157.6126
2026-08-19 13:28:10.222,33060.1956
2026-08-19 13:28:10.634,33050.3869
2026-08-19 13:28:11.093,33050.3834
2026-08-19 13:28:11.523,33051.7059
2026-08-19 13:28:11.936,33050.816
2026-08-19 13:28:12.350,33049.6035
2026-08-19 13:28:12.768,33048.7095
2026-08-19 13:28:13.181,33048.3464
2026-08-19 13:28:13.599,33047.6745
2026-08-19 13:28:14.011,33047.7665
2026-08-19 13:28:14.431,33047.8754
2026-08-19 13:28:14.843,33047.4262
2026-08-19 13:28:15.270,33065.9942
2026-08-19 13:28:15.707,33182.0075
2026-08-19 13:28:16.121,33334.2584
2026-08-19 13:28:16.534,33508.7355
2026-08-19 13:28:16.948,33698.0338
2026-08-19 13:28:17.360,33898.5082
2026-08-19 13:28:17.789,34106.5222
2026-08-19 13:28:18.208,34331.1882
2026-08-19 13:28:18.622,34555.0235
2026-08-19 13:28:19.047,34781.3838
2026-08-19 13:28:19.459,35018.6782
2026-08-19 13:28:19.891,35254.292
2026-08-19 13:28:20.303,35199.2288
2026-08-19 13:28:20.728,34962.2466
2026-08-19 13:28:21.141,34724.4681
2026-08-19 13:28:21.553,34498.3319
2026-08-19 13:28:22.018,34250.2013
2026-08-19 13:28:22.434,34036.2648
2026-08-19 13:28:22.860,33828.9684
2026-08-19 13:28:23.274,33624.0046
2026-08-19 13:28:23.696,33438.4174
2026-08-19 13:28:24.114,33267.4689
2026-08-19 13:28:24.527,33134.7168
2026-08-19 13:28:24.944,33085.8559
2026-08-19 13:28:25.362,33193.2827
2026-08-19 13:28:25.779,33342.9566
2026-08-19 13:28:26.198,33521.4762
2026-08-19 13:28:26.625,33717.3162
2026-08-19 13:28:27.040,33926.5909
2026-08-19 13:28:27.455,33953.4834
2026-08-19 13:28:27.868,33747.8599
2026-08-19 13:28:28.301,33553.2401
2026-08-19 13:28:28.720,33364.4164
2026-08-19 13:28:29.135,33208.4653
2026-08-19 13:28:29.550,33092.471
2026-08-19 13:28:29.963,33132.2958
2026-08-19 13:28:30.399,33269.1306
2026-08-19 13:28:30.812,33436.5883
2026-08-19 13:28:31.225,33623.0241
2026-08-19 13:28:31.641,33821.3943
2026-08-19 13:28:32.055,34000.3938
2026-08-19 13:28:32.531,33843.9899
2026-08-19 13:28:32.950,33640.4096
2026-08-19 13:28:33.362,33447.8139
2026-08-19 13:28:33.774,33278.0644
2026-08-19 13:28:34.205,33136.3802
2026-08-19 13:28:34.618,33062.0955
2026-08-19 13:28:35.031,33057.4872
2026-08-19 13:28:35.443,33056.2885
2026-08-19 13:28:35.856,33056.2001
2026-08-19 13:28:36.272,33054.2376
2026-08-19 13:28:36.709,33054.7062
2026-08-19 13:28:37.121,33055.6029
2026-08-19 13:28:37.544,33055.8553
2026-08-19 13:28:37.970,33057.3121
2026-08-19 13:28:38.391,33058.0214
2026-08-19 13:28:38.813,33058.2077
2026-08-19 13:28:39.239,33056.2609
2026-08-19 13:28:39.666,33092.2817
2026-08-19 13:28:40.080,33221.2212
2026-08-19 13:28:40.513,33382.9498
2026-08-19 13:28:40.926,33563.7723
2026-08-19 13:28:41.354,33765.1107
2026-08-19 13:28:41.780,33968.611
2026-08-19 13:28:42.192,34186.1542
2026-08-19 13:28:42.606,34402.8571
2026-08-19 13:28:43.019,34625.9745
2026-08-19 13:28:43.434,34854.3418
2026-08-19 13:28:43.851,35089.9386
2026-08-19 13:28:44.264,35302.9357
2026-08-19 13:28:44.677,35160.8387
2026-08-19 13:28:45.090,34924.953
2026-08-19 13:28:45.502,34695.442
2026-08-19 13:28:45.942,34470.154
2026-08-19 13:28:46.365,34236.5322
2026-08-19 13:28:46.782,34017.7042
2026-08-19 13:28:47.194,33812.7226
2026-08-19 13:28:47.609,33616.9195
2026-08-19 13:28:48.038,33431.8474
2026-08-19 13:28:48.452,33265.0595
2026-08-19 13:28:48.877,33140.0988
2026-08-19 13:28:49.291,33118.1358
2026-08-19 13:28:49.718,33235.8377
2026-08-19 13:28:50.133,33394.7465
2026-08-19 13:28:50.546,33576.0706
2026-08-19 13:28:50.960,33769.7605
2026-08-19 13:28:51.373,33974.3578
2026-08-19 13:28:51.802,33938.7949
2026-08-19 13:28:52.234,33734.2966
2026-08-19 13:28:52.645,33532.2386
2026-08-19 13:28:53.071,33353.9959
2026-08-19 13:28:53.484,33199.1019
2026-08-19 13:28:53.896,33096.6158
2026-08-19 13:28:54.361,33176.4191
2026-08-19 13:28:54.790,33323.1083
2026-08-19 13:28:55.222,33502.8526
2026-08-19 13:28:55.638,33697.6339
2026-08-19 13:28:56.055,33900.4341
2026-08-19 13:28:56.467,34018.7602
2026-08-19 13:28:56.880,33833.8285
2026-08-19 13:28:57.298,33633.4965
2026-08-19 13:28:57.712,33444.9264
2026-08-19 13:28:58.124,33278.4675
2026-08-19 13:28:58.556,33144.8034
2026-08-19 13:28:58.970,33075.0547
2026-08-19 13:28:59.389,33075.7503
2026-08-19 13:28:59.801,33075.3849
2026-08-19 13:29:00.214,33074.5838
2026-08-19 13:29:00.640,33073.1257
2026-08-19 13:29:01.122,33068.9275
2026-08-19 13:29:01.535,33066.1065
2026-08-19 13:29:01.962,33064.1389
2026-08-19 13:29:02.374,33062.3525
2026-08-19 13:29:02.808,33060.7982
2026-08-19 13:29:03.220,33060.1885
2026-08-19 13:29:03.643,33058.0029
2026-08-19 13:29:04.057,33114.6853
2026-08-19 13:29:04.519,33246.9182
2026-08-19 13:29:04.944,33435.8668
2026-08-19 13:29:05.359,33620.06
2026-08-19 13:29:05.780,33817.5692
2026-08-19 13:29:06.208,34027.7194
2026-08-19 13:29:06.623,34247.4636
2026-08-19 13:29:07.042,34468.0048
2026-08-19 13:29:07.462,34695.3782
2026-08-19 13:29:07.876,34926.7837
2026-08-19 13:29:08.290,35162.9221
2026-08-19 13:29:08.721,35296.0156
2026-08-19 13:29:09.148,35071.4497
2026-08-19 13:29:09.562,34826.1212
2026-08-19 13:29:09.974,34595.1089
2026-08-19 13:29:10.385,34371.6368
2026-08-19 13:29:10.798,34155.362
2026-08-19 13:29:11.240,33944.6845
2026-08-19 13:29:11.654,33730.0976
2026-08-19 13:29:12.067,33536.5118
2026-08-19 13:29:12.479,33357.6328
2026-08-19 13:29:12.895,33207.066
2026-08-19 13:29:13.323,33093.8746
2026-08-19 13:29:13.751,33133.4434
2026-08-19 13:29:14.164,33264.5223
2026-08-19 13:29:14.581,33428.3652
2026-08-19 13:29:14.997,33614.7957
2026-08-19 13:29:15.428,33811.3088
2026-08-19 13:29:15.840,33983.8101
2026-08-19 13:29:16.254,33832.0373
2026-08-19 13:29:16.668,33629.8821
2026-08-19 13:29:17.080,33438.1268
2026-08-19 13:29:17.543,33245.3524
2026-08-19 13:29:17.971,33107.6952
2026-08-19 13:29:18.393,33063.9633
2026-08-19 13:29:18.806,33181.8619
2026-08-19 13:29:19.219,33334.8887
2026-08-19 13:29:19.638,33513.8043
2026-08-19 13:29:20.057,33710.6232
2026-08-19 13:29:20.470,33919.4692
2026-08-19 13:29:20.887,33935.3268
2026-08-19 13:29:21.299,33727.4357
2026-08-19 13:29:21.740,33523.5345
2026-08-19 13:29:22.151,33336.1513
2026-08-19 13:29:22.564,33182.8686
2026-08-19 13:29:22.977,33061.8716
2026-08-19 13:29:23.438,33035.3805
2026-08-19 13:29:23.855,33041.3415
2026-08-19 13:29:24.270,33038.0583
2026-08-19 13:29:24.691,33041.4575
2026-08-19 13:29:25.105,33040.6319
2026-08-19 13:29:25.520,33039.5009
2026-08-19 13:29:25.933,33036.7397
2026-08-19 13:29:26.348,33040.0417
2026-08-19 13:29:26.764,33038.3223
2026-08-19 13:29:27.178,33039.4802
2026-08-19 13:29:27.590,33038.9696
2026-08-19 13:29:28.003,33041.6155
2026-08-19 13:29:28.478,33137.4231
2026-08-19 13:29:28.906,33282.3714
2026-08-19 13:29:29.319,33458.067
2026-08-19 13:29:29.748,33650.4599
2026-08-19 13:29:30.182,33853.6575
2026-08-19 13:29:30.594,34063.2208
2026-08-19 13:29:31.022,34290.0145
2026-08-19 13:29:31.447,34522.864
2026-08-19 13:29:31.860,34748.5076
2026-08-19 13:29:32.283,34978.6716
2026-08-19 13:29:32.697,35221.6329
2026-08-19 13:29:33.119,35239.7623
2026-08-19 13:29:33.543,34994.1141
2026-08-19 13:29:33.959,34753.625
2026-08-19 13:29:34.371,34523.2735
2026-08-19 13:29:34.784,34298.3962
2026-08-19 13:29:35.215,34079.1196
2026-08-19 13:29:35.628,33860.6317
2026-08-19 13:29:36.042,33659.4064
2026-08-19 13:29:36.454,33471.2349
2026-08-19 13:29:36.866,33299.4379
2026-08-19 13:29:37.285,33156.8057
2026-08-19 13:29:37.776,33073.8754
2026-08-19 13:29:38.191,33172.8956
2026-08-19 13:29:38.609,33315.9261
2026-08-19 13:29:39.022,33489.796
2026-08-19 13:29:39.502,33705.0023
2026-08-19 13:29:39.916,33912.3663
2026-08-19 13:29:40.329,33935.2596
2026-08-19 13:29:40.756,33730.9049
2026-08-19 13:29:41.182,33529.3599
2026-08-19 13:29:41.595,33342.9541
2026-08-19 13:29:42.007,33186.0085
2026-08-19 13:29:42.424,33072.7025
2026-08-19 13:29:42.836,33108.1155
2026-08-19 13:29:43.262,33237.967
2026-08-19 13:29:43.693,33397.9039
2026-08-19 13:29:44.185,33630.5871
2026-08-19 13:29:44.631,33848.2792
2026-08-19 13:29:45.047,33965.5225
2026-08-19 13:29:45.461,33776.8514
2026-08-19 13:29:45.873,33578.7623
2026-08-19 13:29:46.313,33388.6524
2026-08-19 13:29:46.726,33208.789
2026-08-19 13:29:47.145,33079.1581
2026-08-19 13:29:47.557,33021.8995
2026-08-19 13:29:47.970,33022.9886
2026-08-19 13:29:48.383,33021.6584
2026-08-19 13:29:48.860,33021.9847
2026-08-19 13:29:49.272,33022.233
2026-08-19 13:29:49.738,33022.2935
2026-08-19 13:29:50.180,33024.4164
2026-08-19 13:29:50.594,33023.3469
2026-08-19 13:29:51.012,33021.6564
2026-08-19 13:29:51.425,33018.4452
2026-08-19 13:29:51.858,33019.4836
2026-08-19 13:29:52.282,33018.6834
2026-08-19 13:29:52.695,33024.6752
2026-08-19 13:29:53.108,33028.4702
2026-08-19 13:29:53.535,33029.0274
2026-08-19 13:29:53.953,33029.7544
2026-08-19 13:29:54.378,33029.4495
2026-08-19 13:29:54.791,33028.1046
2026-08-19 13:29:55.203,33026.5704
2026-08-19 13:29:55.615,33025.0048
2026-08-19 13:29:56.048,33024.4771
2026-08-19 13:29:56.476,33023.3354
2026-08-19 13:29:56.889,33024.9019
2026-08-19 13:29:57.301,33022.606
2026-08-19 13:29:57.713,33020.925
2026-08-19 13:29:58.157,33017.9396
2026-08-19 13:29:58.570,33017.4303
2026-08-19 13:29:58.983,33017.1691
2026-08-19 13:29:59.396,33017.2903
2026-08-19 13:29:59.811,33016.9717
2026-08-19 13:30:00.235,33016.048
2026-08-19 13:30:00.729,33014.0558
2026-08-19 13:30:01.145,33012.2707
2026-08-19 13:30:01.558,33010.8575
2026-08-19 13:30:01.971,33009.9974
2026-08-19 13:30:02.395,33008.4292
2026-08-19 13:30:02.807,33007.0396
2026-08-19 13:30:03.224,33004.6907
2026-08-19 13:30:03.642,33003.9741
2026-08-19 13:30:04.059,33002.3003
2026-08-19 13:30:04.473,33002.2936
2026-08-19 13:30:04.884,33000.9153
2026-08-19 13:30:05.298,33001.3162
2026-08-19 13:30:05.716,33004.0534
2026-08-19 13:30:06.129,33004.4137
2026-08-19 13:30:06.548,33003.0129
2026-08-19 13:30:06.960,33003.5482
2026-08-19 13:30:07.371,33005.4162
2026-08-19 13:30:07.785,33008.3189
2026-08-19 13:30:08.197,33010.2845
2026-08-19 13:30:08.611,33011.0286
2026-08-19 13:30:09.023,33010.9481
2026-08-19 13:30:09.437,33011.9937
2026-08-19 13:30:09.859,33012.9624
2026-08-19 13:30:10.278,33013.7006
2026-08-19 13:30:10.708,33013.9555
2026-08-19 13:30:11.121,33014.0096
2026-08-19 13:30:11.534,33014.9969
2026-08-19 13:30:11.946,33014.7817
2026-08-19 13:30:12.365,33013.5865
2026-08-19 13:30:12.782,33011.0097
2026-08-19 13:30:13.196,33009.787
2026-08-19 13:30:13.676,33009.6671
2026-08-19 13:30:14.089,33009.3619
2026-08-19 13:30:14.501,33008.7543
2026-08-19 13:30:14.929,33009.3187
2026-08-19 13:30:15.342,33010.2611
2026-08-19 13:30:15.754,33010.7153
2026-08-19 13:30:16.167,33010.1589
2026-08-19 13:30:16.598,33008.5527
2026-08-19 13:30:17.012,33007.033
2026-08-19 13:30:17.425,33007.5842
2026-08-19 13:30:17.837,33007.1338
2026-08-19 13:30:18.250,33006.5137
2026-08-19 13:30:18.667,33006.7055
2026-08-19 13:30:19.143,33006.3046
2026-08-19 13:30:19.556,33007.5643
2026-08-19 13:30:19.979,33008.0445
2026-08-19 13:30:20.399,33008.6421
2026-08-19 13:30:20.811,33009.7329
2026-08-19 13:30:21.224,33007.7797
2026-08-19 13:30:21.653,33007.4514
2026-08-19 13:30:22.078,33005.4078
2026-08-19 13:30:22.492,33000.8792
2026-08-19 13:30:22.904,33000.7655
2026-08-19 13:30:23.317,33003.7107
2026-08-19 13:30:23.783,33003.2031
2026-08-19 13:30:24.201,33001.474
2026-08-19 13:30:24.615,33001.1859
2026-08-19 13:30:25.027,32999.78
2026-08-19 13:30:25.491,32999.8725
2026-08-19 13:30:25.923,32999.3603
2026-08-19 13:30:26.337,32999.2526
2026-08-19 13:30:26.750,33000.8263
2026-08-19 13:30:27.175,33002.2268
2026-08-19 13:30:27.587,33002.1134
2026-08-19 13:30:28.018,33001.6755
2026-08-19 13:30:28.445,33002.949
2026-08-19 13:30:28.863,33002.2606
2026-08-19 13:30:29.285,33001.4935
2026-08-19 13:30:29.698,33001.0783
2026-08-19 13:30:30.110,33000.1651
2026-08-19 13:30:30.535,33000.6709
2026-08-19 13:30:30.948,33001.1587
2026-08-19 13:30:31.362,33001.1697
2026-08-19 13:30:31.784,33002.6009
2026-08-19 13:30:32.197,33002.8088
2026-08-19 13:30:32.620,33001.7324
2026-08-19 13:30:33.040,32999.9475
2026-08-19 13:30:33.453,33000.2195
2026-08-19 13:30:33.919,33002.3398
2026-08-19 13:30:34.337,33003.5168
2026-08-19 13:30:34.754,33004.1669
2026-08-19 13:30:35.169,33004.559
2026-08-19 13:30:35.581,33004.3886
2026-08-19 13:30:36.042,33005.0147
2026-08-19 13:30:36.460,33004.3184
2026-08-19 13:30:36.872,33003.5962
2026-08-19 13:30:37.296,33003.076
2026-08-19 13:30:37.710,33004.2127
2026-08-19 13:30:38.150,33006.146
2026-08-19 13:30:38.563,33006.289
2026-08-19 13:30:38.975,33007.3944
2026-08-19 13:30:39.388,33008.2635
2026-08-19 13:30:39.801,33009.4919
2026-08-19 13:30:40.213,33010.1958
2026-08-19 13:30:40.636,33010.4786
2026-08-19 13:30:41.048,33010.3106
2026-08-19 13:30:41.475,33009.6829
2026-08-19 13:30:41.888,33009.5517
2026-08-19 13:30:42.301,33009.1413
2026-08-19 13:30:42.725,33008.1506
2026-08-19 13:30:43.138,33008.5927
2026-08-19 13:30:43.565,33008.6936
2026-08-19 13:30:43.994,33007.2915
2026-08-19 13:30:44.407,33005.6689
2026-08-19 13:30:44.827,33006.7364
2026-08-19 13:30:45.240,33007.2177
2026-08-19 13:30:45.653,33006.1945
2026-08-19 13:30:46.064,33005.0532
2026-08-19 13:30:46.478,33000.803
2026-08-19 13:30:46.892,33001.9837
2026-08-19 13:30:47.304,33003.2934
2026-08-19 13:30:47.727,33003.8927
2026-08-19 13:30:48.153,33003.4118
2026-08-19 13:30:48.565,33002.6839
2026-08-19 13:30:48.978,33004.2063
2026-08-19 13:30:49.391,33003.1029
2026-08-19 13:30:49.804,33001.0981
2026-08-19 13:30:50.220,33000.2693
2026-08-19 13:30:50.633,32996.4874
2026-08-19 13:30:51.059,32993.7796
2026-08-19 13:30:51.472,32993.319
2026-08-19 13:30:51.884,32993.4918
2026-08-19 13:30:52.309,32992.3698
2026-08-19 13:30:52.722,32992.8169
2026-08-19 13:30:53.149,32992.1712
2026-08-19 13:30:53.588,32990.2873
2026-08-19 13:30:54.002,32989.2354
2026-08-19 13:30:54.415,32989.6385
2026-08-19 13:30:54.826,32988.7263
2026-08-19 13:30:55.252,32990.9539
2026-08-19 13:30:55.732,32992.5298
2026-08-19 13:30:56.144,32992.6533
2026-08-19 13:30:56.573,32992.462
2026-08-19 13:30:56.986,32991.4406
2026-08-19 13:30:57.400,32991.563
2026-08-19 13:30:57.814,32989.8702
2026-08-19 13:30:58.227,32989.9959
2026-08-19 13:30:58.645,32990.3478
2026-08-19 13:30:59.059,32988.7056
2026-08-19 13:30:59.473,32987.9619
2026-08-19 13:30:59.900,32988.2579
2026-08-19 13:31:00.393,32987.924
2026-08-19 13:31:00.804,32988.2292
2026-08-19 13:31:01.217,32989.0792
2026-08-19 13:31:01.630,32990.9044
2026-08-19 13:31:02.043,32991.1712
2026-08-19 13:31:02.455,32991.321
2026-08-19 13:31:02.875,32990.9147
2026-08-19 13:31:03.295,32989.7557
2026-08-19 13:31:03.711,32989.093
2026-08-19 13:31:04.128,32989.1949
2026-08-19 13:31:04.541,32989.8902
2026-08-19 13:31:04.965,32990.4437
2026-08-19 13:31:05.378,32989.7983
2026-08-19 13:31:05.790,32990.4438
2026-08-19 13:31:06.203,32990.093
2026-08-19 13:31:06.626,32990.8321
2026-08-19 13:31:07.038,32991.0078
2026-08-19 13:31:07.452,32989.8742
2026-08-19 13:31:07.876,32989.1004
2026-08-19 13:31:08.289,32988.1251
2026-08-19 13:31:08.702,32987.6743
2026-08-19 13:31:09.166,32987.5821
2026-08-19 13:31:09.595,32988.2963
2026-08-19 13:31:10.007,32989.3144
2026-08-19 13:31:10.433,32991.019
2026-08-19 13:31:10.850,32991.865
2026-08-19 13:31:11.263,32993.0364
2026-08-19 13:31:11.697,32992.9707
2026-08-19 13:31:12.110,32993.1744
2026-08-19 13:31:12.536,32993.2225
2026-08-19 13:31:12.954,32992.9442
2026-08-19 13:31:13.368,32992.2516
2026-08-19 13:31:13.812,32992.2307
2026-08-19 13:31:14.235,32993.0848
2026-08-19 13:31:14.651,32992.6004
2026-08-19 13:31:15.069,32991.3671
2026-08-19 13:31:15.482,32989.2752
2026-08-19 13:31:15.932,32986.7063
2026-08-19 13:31:16.353,32986.285
2026-08-19 13:31:16.766,32987.2997
2026-08-19 13:31:17.178,32988.2474
2026-08-19 13:31:17.598,32988.6179
2026-08-19 13:31:18.065,32988.4705
2026-08-19 13:31:18.492,32989.1672
2026-08-19 13:31:18.905,32989.4531
2026-08-19 13:31:19.327,32990.049
2026-08-19 13:31:19.739,32989.8974
2026-08-19 13:31:20.173,32989.5891
2026-08-19 13:31:20.586,32988.964
2026-08-19 13:31:21.000,32988.6083
2026-08-19 13:31:21.412,32989.2582
2026-08-19 13:31:21.834,32989.2364
2026-08-19 13:31:22.295,32988.9194
2026-08-19 13:31:22.709,32987.8139
2026-08-19 13:31:23.121,32989.4352
2026-08-19 13:31:23.534,32990.0117
2026-08-19 13:31:23.946,32988.0908
2026-08-19 13:31:24.360,32986.3284
2026-08-19 13:31:24.776,32986.8173
2026-08-19 13:31:25.235,32986.9932
2026-08-19 13:31:25.655,32985.1764
2026-08-19 13:31:26.069,32983.4921
2026-08-19 13:31:26.490,32983.3065
2026-08-19 13:31:26.904,32983.2536
2026-08-19 13:31:27.381,32983.3236
2026-08-19 13:31:27.795,32985.2991
2026-08-19 13:31:28.217,32986.5661
2026-08-19 13:31:28.629,32986.0602
2026-08-19 13:31:29.041,32985.0866
2026-08-19 13:31:29.453,32983.6255
2026-08-19 13:31:29.882,32982.4176
2026-08-19 13:31:30.308,32982.2928
2026-08-19 13:31:30.741,32981.3753
2026-08-19 13:31:31.155,32981.7482
2026-08-19 13:31:31.567,32982.8199
2026-08-19 13:31:31.978,32982.9015
2026-08-19 13:31:32.396,32983.9216
2026-08-19 13:31:32.816,32984.4999
2026-08-19 13:31:33.236,32984.4119
2026-08-19 13:31:33.731,32983.9211
2026-08-19 13:31:34.144,32984.1401
2026-08-19 13:31:34.556,32984.6333
2026-08-19 13:31:34.979,32984.8564
2026-08-19 13:31:35.440,32985.2697
2026-08-19 13:31:35.870,32986.312
2026-08-19 13:31:36.306,32987.2496
2026-08-19 13:31:36.720,32986.454
2026-08-19 13:31:37.144,32986.4995
2026-08-19 13:31:37.561,32985.9006
2026-08-19 13:31:37.973,32985.6464
2026-08-19 13:31:38.401,32986.3007
2026-08-19 13:31:38.814,32984.5398
2026-08-19 13:31:39.276,32982.4539
2026-08-19 13:31:39.694,32979.8447
2026-08-19 13:31:40.130,32980.423
2026-08-19 13:31:40.542,32981.3161
2026-08-19 13:31:40.957,32982.1167
2026-08-19 13:31:41.384,32982.5909
2026-08-19 13:31:41.796,32983.4543
2026-08-19 13:31:42.216,32983.9871
2026-08-19 13:31:42.629,32984.4121
2026-08-19 13:31:43.050,32986.3466
2026-08-19 13:31:43.468,32988.5278
2026-08-19 13:31:43.886,32987.7737
2026-08-19 13:31:44.303,32987.1839
2026-08-19 13:31:44.721,32986.3574
2026-08-19 13:31:45.135,32985.7909
2026-08-19 13:31:45.549,32985.5721
2026-08-19 13:31:45.972,32985.6104
2026-08-19 13:31:46.385,32986.6338
2026-08-19 13:31:46.827,32987.1677
2026-08-19 13:31:47.240,32987.8581
2026-08-19 13:31:47.675,32988.0639
2026-08-19 13:31:48.097,32987.3891
2026-08-19 13:31:48.510,32986.3188
2026-08-19 13:31:48.953,32985.5859
2026-08-19 13:31:49.380,32984.0922
2026-08-19 13:31:49.794,32983.4735
2026-08-19 13:31:50.206,32984.3128
2026-08-19 13:31:50.619,32984.0973
2026-08-19 13:31:51.032,32983.4654
2026-08-19 13:31:51.446,32983.1103
2026-08-19 13:31:51.873,32980.0167
2026-08-19 13:31:52.285,32979.5263
2026-08-19 13:31:52.713,32981.5907
2026-08-19 13:31:53.126,32981.9868
2026-08-19 13:31:53.554,32981.151
2026-08-19 13:31:53.966,32980.7956
2026-08-19 13:31:54.378,32980.4102
2026-08-19 13:31:54.816,32980.4412
2026-08-19 13:31:55.228,32979.8971
2026-08-19 13:31:55.640,32978.9551
2026-08-19 13:31:56.066,32978.7739
2026-08-19 13:31:56.479,32978.5624
2026-08-19 13:31:56.943,32978.7094
2026-08-19 13:31:57.356,32979.5193
2026-08-19 13:31:57.768,32979.4576
2026-08-19 13:31:58.181,32979.4018
2026-08-19 13:31:58.593,32979.0906
2026-08-19 13:31:59.020,32979.5487
2026-08-19 13:31:59.518,32979.5367
2026-08-19 13:31:59.938,32978.8024
2026-08-19 13:32:00.357,32977.4014
2026-08-19 13:32:00.769,32975.598
2026-08-19 13:32:01.207,32974.6839
2026-08-19 13:32:01.627,32973.7336
2026-08-19 13:32:02.040,32973.475
2026-08-19 13:32:02.453,32973.3162
2026-08-19 13:32:02.865,32972.1425
2026-08-19 13:32:03.278,32971.6487
2026-08-19 13:32:03.694,32971.7209
2026-08-19 13:32:04.106,32971.6379
2026-08-19 13:32:04.533,32971.7517
2026-08-19 13:32:04.945,32971.0769
2026-08-19 13:32:05.358,32970.5649
2026-08-19 13:32:05.770,32968.5549
2026-08-19 13:32:06.183,32966.6577
2026-08-19 13:32:06.598,32965.8188
2026-08-19 13:32:07.064,32963.622
2026-08-19 13:32:07.477,32963.211
2026-08-19 13:32:07.895,32961.597
2026-08-19 13:32:08.307,32960.483
2026-08-19 13:32:08.767,32958.4615
2026-08-19 13:32:09.187,32956.2429
2026-08-19 13:32:09.601,32957.0581
2026-08-19 13:32:10.013,32957.947
2026-08-19 13:32:10.425,32959.762
2026-08-19 13:32:10.893,32961.2946
2026-08-19 13:32:11.311,32962.754
2026-08-19 13:32:11.724,32963.2299
2026-08-19 13:32:12.137,32963.8926
2026-08-19 13:32:12.551,32963.5277
2026-08-19 13:32:12.963,32963.5807
2026-08-19 13:32:13.429,32963.8499
2026-08-19 13:32:13.843,32963.8818
2026-08-19 13:32:14.270,32963.4253
2026-08-19 13:32:14.688,32964.3223
2026-08-19 13:32:15.100,32966.4167
2026-08-19 13:32:15.545,32966.2847
2026-08-19 13:32:15.959,32965.3095
2026-08-19 13:32:16.373,32965.1914
2026-08-19 13:32:16.786,32963.8585
2026-08-19 13:32:17.200,32962.9499
2026-08-19 13:32:17.613,32963.9114
2026-08-19 13:32:18.026,32965.5392
2026-08-19 13:32:18.495,32970.0565
2026-08-19 13:32:18.909,32972.6
2026-08-19 13:32:19.346,32975.1451
2026-08-19 13:32:19.761,32975.4679
2026-08-19 13:32:20.185,32976.8253
2026-08-19 13:32:20.607,32978.2762
2026-08-19 13:32:21.020,32978.7185
2026-08-19 13:32:21.432,32979.2818
2026-08-19 13:32:21.867,32980.2965
2026-08-19 13:32:22.280,32981.1513
2026-08-19 13:32:22.695,32981.7167
2026-08-19 13:32:23.106,32981.4059
2026-08-19 13:32:23.519,32981.5806
2026-08-19 13:32:23.942,32982.1624
2026-08-19 13:32:24.421,32983.1175
2026-08-19 13:32:24.840,32983.2641
2026-08-19 13:32:25.254,32983.6079
2026-08-19 13:32:25.680,32984.1497
2026-08-19 13:32:26.092,32984.2038
2026-08-19 13:32:26.511,32983.873
2026-08-19 13:32:26.925,32983.257
2026-08-19 13:32:27.342,32983.8245
2026-08-19 13:32:27.754,32984.0893
2026-08-19 13:32:28.182,32984.8543
2026-08-19 13:32:28.594,32986.3316
2026-08-19 13:32:29.021,32987.6653
2026-08-19 13:32:29.473,32987.8498
2026-08-19 13:32:29.887,32987.6167
2026-08-19 13:32:30.302,32987.5017
2026-08-19 13:32:30.721,32987.5127
2026-08-19 13:32:31.135,32988.0654
2026-08-19 13:32:31.616,32986.1632
2026-08-19 13:32:32.038,32986.4728
2026-08-19 13:32:32.455,32986.3681
2026-08-19 13:32:32.869,32987.0174
2026-08-19 13:32:33.281,32987.2988
2026-08-19 13:32:33.711,32986.7612
2026-08-19 13:32:34.125,32985.8333
2026-08-19 13:32:34.536,32986.7911
2026-08-19 13:32:34.962,32987.843
2026-08-19 13:32:35.374,32988.3871
2026-08-19 13:32:35.841,32988.0347
2026-08-19 13:32:36.252,32988.7333
2026-08-19 13:32:36.665,32985.0545
2026-08-19 13:32:37.093,32985.0167
2026-08-19 13:32:37.507,32988.0192
2026-08-19 13:32:37.919,32990.3372
2026-08-19 13:32:38.364,32991.2498
2026-08-19 13:32:38.779,32991.8525
2026-08-19 13:32:39.194,32991.8883
2026-08-19 13:32:39.631,32992.1068
2026-08-19 13:32:40.067,32991.8272
2026-08-19 13:32:40.479,32991.8823
2026-08-19 13:32:40.891,32992.0743
2026-08-19 13:32:41.304,32992.0217
2026-08-19 13:32:41.716,32993.0301
2026-08-19 13:32:42.130,32994.9326
2026-08-19 13:32:42.543,32995.4491
2026-08-19 13:32:42.957,32995.3047
2026-08-19 13:32:43.377,32996.1968
2026-08-19 13:32:43.791,32996.5572
2026-08-19 13:32:44.219,32996.9337
2026-08-19 13:32:44.645,32996.4183
2026-08-19 13:32:45.058,32995.9272
2026-08-19 13:32:45.470,32996.2223
2026-08-19 13:32:45.906,32997.1146
2026-08-19 13:32:46.320,32998.1148
2026-08-19 13:32:46.733,32999.1891
2026-08-19 13:32:47.149,32999.105
2026-08-19 13:32:47.562,32998.995
2026-08-19 13:32:47.976,32997.3187
2026-08-19 13:32:48.442,32996.1209
2026-08-19 13:32:48.860,32997.9482
2026-08-19 13:32:49.289,32998.581
2026-08-19 13:32:49.702,32998.4864
2026-08-19 13:32:50.115,32997.9436
2026-08-19 13:32:50.528,32999.9964
2026-08-19 13:32:50.964,33001.4137
2026-08-19 13:32:51.381,33002.0601
2026-08-19 13:32:51.796,33002.0307
2026-08-19 13:32:52.209,33003.1741
2026-08-19 13:32:52.635,33003.7188
2026-08-19 13:32:53.113,33005.6648
2026-08-19 13:32:53.531,33005.8942
2026-08-19 13:32:53.945,33007.5359
2026-08-19 13:32:54.356,33009.2959
2026-08-19 13:32:54.781,33010.4643
2026-08-19 13:32:55.194,33012.2673
2026-08-19 13:32:55.608,33012.7778
2026-08-19 13:32:56.033,33012.725
2026-08-19 13:32:56.445,33013.7257
2026-08-19 13:32:56.868,33016.1158
2026-08-19 13:32:57.289,33016.8819
2026-08-19 13:32:57.706,33017.3785
2026-08-19 13:32:58.172,33019.5043
2026-08-19 13:32:58.599,33020.0629
2026-08-19 13:32:59.011,33020.6677
2026-08-19 13:32:59.424,33021.195
2026-08-19 13:32:59.838,33020.8843
2026-08-19 13:33:00.251,33020.804
2026-08-19 13:33:00.663,33021.5635
2026-08-19 13:33:01.088,33022.0872
2026-08-19 13:33:01.501,33021.4076
2026-08-19 13:33:01.929,33021.9526
2026-08-19 13:33:02.355,33021.8478
2026-08-19 13:33:02.774,33020.6209
2026-08-19 13:33:03.187,33019.7484
2026-08-19 13:33:03.615,33018.675
2026-08-19 13:33:04.058,33018.5969
2026-08-19 13:33:04.474,33019.5852
2026-08-19 13:33:04.891,33019.0294
2026-08-19 13:33:05.305,33019.3038
2026-08-19 13:33:05.717,33020.0571
2026-08-19 13:33:06.143,33019.5386
2026-08-19 13:33:06.555,33019.1181
2026-08-19 13:33:06.969,33020.734
2026-08-19 13:33:07.381,33022.6248
2026-08-19 13:33:07.818,33024.6106
2026-08-19 13:33:08.229,33025.4155
2026-08-19 13:33:08.642,33025.9684
2026-08-19 13:33:09.055,33025.8371
2026-08-19 13:33:09.468,33024.7546
2026-08-19 13:33:09.881,33021.6048
2026-08-19 13:33:10.299,33021.6042
2026-08-19 13:33:10.712,33020.7304
2026-08-19 13:33:11.130,33019.2497
2026-08-19 13:33:11.545,33018.9601
2026-08-19 13:33:11.959,33019.002
2026-08-19 13:33:12.385,33019.6491
2026-08-19 13:33:12.798,33019.4286
2026-08-19 13:33:13.211,33020.1475
2026-08-19 13:33:13.672,33018.8331
2026-08-19 13:33:14.085,33019.4072
2026-08-19 13:33:14.511,33019.8547
2026-08-19 13:33:14.924,33017.2061
2026-08-19 13:33:15.338,33009.9255
2026-08-19 13:33:15.797,33006.661
2026-08-19 13:33:16.212,33006.267
2026-08-19 13:33:16.625,33006.2566
2026-08-19 13:33:17.037,33006.1368
2026-08-19 13:33:17.453,33006.4163
2026-08-19 13:33:17.871,33006.9306
2026-08-19 13:33:18.283,33012.0975
2026-08-19 13:33:18.696,33017.2488
2026-08-19 13:33:19.120,33019.0657
2026-08-19 13:33:19.536,33020.6181
2026-08-19 13:33:19.955,33022.7929
2026-08-19 13:33:20.378,33022.5547
2026-08-19 13:33:20.791,33022.445
2026-08-19 13:33:21.205,33022.7916
2026-08-19 13:33:21.618,33022.7332
2026-08-19 13:33:22.032,33022.3774
2026-08-19 13:33:22.444,33021.9012
2026-08-19 13:33:22.866,33021.9004
2026-08-19 13:33:23.287,33019.4129
2026-08-19 13:33:23.700,33017.161
2026-08-19 13:33:24.114,33016.4079
2026-08-19 13:33:24.540,33016.1153
2026-08-19 13:33:25.004,33016.9057
2026-08-19 13:33:25.422,33016.3574
2026-08-19 13:33:25.848,33017.6568
2026-08-19 13:33:26.262,33018.5576
2026-08-19 13:33:26.689,33019.0936
2026-08-19 13:33:27.102,33019.4965
2026-08-19 13:33:27.528,33019.8987
2026-08-19 13:33:27.940,33020.0291
2026-08-19 13:33:28.352,33020.2897
2026-08-19 13:33:28.776,33020.2381
2026-08-19 13:33:29.188,33020.3835
2026-08-19 13:33:29.601,33022.455
2026-08-19 13:33:30.015,33021.9367
2026-08-19 13:33:30.429,33022.2959
2026-08-19 13:33:30.862,33022.8873
2026-08-19 13:33:31.286,33022.5345
2026-08-19 13:33:31.698,33022.6735
2026-08-19 13:33:32.110,33023.2138
2026-08-19 13:33:32.524,33023.4323
2026-08-19 13:33:32.949,33023.2618
2026-08-19 13:33:33.368,33022.5336
2026-08-19 13:33:33.782,33022.7839
2026-08-19 13:33:34.217,33023.7627
2026-08-19 13:33:34.629,33023.2914
2026-08-19 13:33:35.042,33024.4931
2026-08-19 13:33:35.455,33025.5691
2026-08-19 13:33:35.870,33026.0433
2026-08-19 13:33:36.282,33025.1925
2026-08-19 13:33:36.695,33025.6273
2026-08-19 13:33:37.109,33026.3058
2026-08-19 13:33:37.536,33026.7616
2026-08-19 13:33:37.950,33025.5413
2026-08-19 13:33:38.364,33023.4296
2026-08-19 13:33:38.790,33022.0889
2026-08-19 13:33:39.203,33022.5522
2026-08-19 13:33:39.615,33022.1416
2026-08-19 13:33:40.028,33021.4902
2026-08-19 13:33:40.489,33021.3208
2026-08-19 13:33:40.907,33020.6242
2026-08-19 13:33:41.326,33019.5174
2026-08-19 13:33:41.744,33018.6575
2026-08-19 13:33:42.157,33018.3584
2026-08-19 13:33:42.578,33016.0143
2026-08-19 13:33:43.003,33016.5632
2026-08-19 13:33:43.415,33015.6865
2026-08-19 13:33:43.828,33014.4234
2026-08-19 13:33:44.240,33011.6561
2026-08-19 13:33:44.652,33012.6223
2026-08-19 13:33:45.066,33013.5269
2026-08-19 13:33:45.479,33012.1756
2026-08-19 13:33:45.891,33011.4071
2026-08-19 13:33:46.304,33010.8392
2026-08-19 13:33:46.726,33011.317
2026-08-19 13:33:47.140,33009.1146
2026-08-19 13:33:47.556,33006.7309
2026-08-19 13:33:47.969,33006.9942
2026-08-19 13:33:48.383,33007.3509
2026-08-19 13:33:48.807,33006.974
2026-08-19 13:33:49.227,33004.8912
2026-08-19 13:33:49.640,33003.6371
2026-08-19 13:33:50.053,33001.6004
2026-08-19 13:33:50.494,33000.5909
2026-08-19 13:33:50.907,32998.991
2026-08-19 13:33:51.322,32997.9426
2026-08-19 13:33:51.735,32997.6147
2026-08-19 13:33:52.208,32995.6645
2026-08-19 13:33:52.640,32995.5637
2026-08-19 13:33:53.053,32995.2914
2026-08-19 13:33:53.477,32995.5501
2026-08-19 13:33:53.891,32993.7201
2026-08-19 13:33:54.317,32992.7257
2026-08-19 13:33:54.743,32992.1907
2026-08-19 13:33:55.156,32993.6105
2026-08-19 13:33:55.570,32993.2181
2026-08-19 13:33:55.984,32990.6213
2026-08-19 13:33:56.396,32987.265
2026-08-19 13:33:56.811,32981.4596
2026-08-19 13:33:57.229,32978.8002
2026-08-19 13:33:57.642,32976.4767
2026-08-19 13:33:58.063,32974.7775
2026-08-19 13:33:58.475,32975.049
2026-08-19 13:33:58.903,32975.2243
2026-08-19 13:33:59.317,32976.022
2026-08-19 13:33:59.731,32976.8249
2026-08-19 13:34:00.145,32977.3992
2026-08-19 13:34:00.588,32980.6563
2026-08-19 13:34:01.001,32984.885
2026-08-19 13:34:01.413,32987.8599
2026-08-19 13:34:01.825,32988.9279
2026-08-19 13:34:02.239,32989.9986
2026-08-19 13:34:02.654,32989.7404
2026-08-19 13:34:03.067,32990.1722
2026-08-19 13:34:03.480,32988.6755
2026-08-19 13:34:03.951,32989.7939
2026-08-19 13:34:04.365,32990.4222
2026-08-19 13:34:04.787,32990.5971
2026-08-19 13:34:05.199,32990.7599
2026-08-19 13:34:05.611,32990.4486
2026-08-19 13:34:06.024,32991.0639
2026-08-19 13:34:06.465,32991.4216
2026-08-19 13:34:06.878,32990.995
2026-08-19 13:34:07.298,32990.6057
2026-08-19 13:34:07.711,32988.8047
2026-08-19 13:34:08.124,32987.6141
2026-08-19 13:34:08.536,32985.8797
2026-08-19 13:34:08.949,32985.8911
2026-08-19 13:34:09.411,32986.0783
2026-08-19 13:34:09.829,32986.6288
2026-08-19 13:34:10.247,32986.1668
2026-08-19 13:34:10.660,32986.9852
2026-08-19 13:34:11.129,32986.5538
2026-08-19 13:34:11.546,32985.4641
2026-08-19 13:34:11.975,32984.1036
2026-08-19 13:34:12.387,32982.2343
2026-08-19 13:34:12.799,32981.0336
2026-08-19 13:34:13.260,32982.279
2026-08-19 13:34:13.678,32984.6386
2026-08-19 13:34:14.091,32985.0791
2026-08-19 13:34:14.512,32984.2936
2026-08-19 13:34:14.926,32983.2936
2026-08-19 13:34:15.338,32980.6097
2026-08-19 13:34:15.756,32980.2193
2026-08-19 13:34:16.250,32979.3492
2026-08-19 13:34:16.662,32979.1388
2026-08-19 13:34:17.076,32978.1738
2026-08-19 13:34:17.489,32977.8794
2026-08-19 13:34:17.902,32977.2081
2026-08-19 13:34:18.362,32976.3653
2026-08-19 13:34:18.792,32975.8235
2026-08-19 13:34:19.215,32976.8467
2026-08-19 13:34:19.631,32977.9179
2026-08-19 13:34:20.044,32977.869
2026-08-19 13:34:20.457,32977.6519
2026-08-19 13:34:20.925,32978.6552
2026-08-19 13:34:21.342,32979.3671
2026-08-19 13:34:21.765,32980.2077
2026-08-19 13:34:22.186,32980.4401
2026-08-19 13:34:22.602,32980.6993
2026-08-19 13:34:23.020,32982.3217
2026-08-19 13:34:23.432,32984.1367
2026-08-19 13:34:23.849,32986.658
2026-08-19 13:34:24.263,32986.2747
2026-08-19 13:34:24.690,32985.6462
2026-08-19 13:34:25.107,32984.5552
2026-08-19 13:34:25.520,32982.0906
2026-08-19 13:34:26.000,32981.1068
2026-08-19 13:34:26.420,32981.276
2026-08-19 13:34:26.832,32981.2646
2026-08-19 13:34:27.244,32981.3571
2026-08-19 13:34:27.657,32981.5419
2026-08-19 13:34:28.091,32982.0974
2026-08-19 13:34:28.508,32981.8798
2026-08-19 13:34:28.921,32982.0727
2026-08-19 13:34:29.334,32981.9493
2026-08-19 13:34:29.749,32983.283
2026-08-19 13:34:30.163,32984.6808
2026-08-19 13:34:30.577,32986.2059
2026-08-19 13:34:31.042,32987.4655
2026-08-19 13:34:31.456,32988.5228
2026-08-19 13:34:31.877,32988.0738
2026-08-19 13:34:32.289,32988.5862
2026-08-19 13:34:32.711,32989.0676
2026-08-19 13:34:33.172,32988.6245
2026-08-19 13:34:33.585,32988.8019
2026-08-19 13:34:33.997,32989.9488
2026-08-19 13:34:34.409,32990.9385
2026-08-19 13:34:34.826,32990.4903
2026-08-19 13:34:35.239,32989.745
2026-08-19 13:34:35.661,32990.5923
2026-08-19 13:34:36.078,32991.9014
2026-08-19 13:34:36.491,32991.2821
2026-08-19 13:34:36.909,32988.9978
2026-08-19 13:34:37.321,32987.275
2026-08-19 13:34:37.733,32986.974
2026-08-19 13:34:38.145,32986.1866
2026-08-19 13:34:38.573,32985.4024
2026-08-19 13:34:39.039,32987.3716
2026-08-19 13:34:39.452,32989.6554
2026-08-19 13:34:39.867,32990.2538
2026-08-19 13:34:40.284,32990.7082
2026-08-19 13:34:40.698,32990.4123
2026-08-19 13:34:41.112,32989.6237
2026-08-19 13:34:41.524,32989.721
2026-08-19 13:34:41.938,32990.5282
2026-08-19 13:34:42.381,32990.5602
2026-08-19 13:34:42.794,32990.783
2026-08-19 13:34:43.206,32989.8264
2026-08-19 13:34:43.643,32990.3163
2026-08-19 13:34:44.102,32989.3947
2026-08-19 13:34:44.514,32987.6981
2026-08-19 13:34:44.939,32988.3778
2026-08-19 13:34:45.352,32988.9301
2026-08-19 13:34:45.825,32988.6338
2026-08-19 13:34:46.243,32987.3274
2026-08-19 13:34:46.661,32986.5494
2026-08-19 13:34:47.074,32987.6489
2026-08-19 13:34:47.491,32988.6689
2026-08-19 13:34:47.907,32990.2635
2026-08-19 13:34:48.320,32991.3972
2026-08-19 13:34:48.731,32990.3097
2026-08-19 13:34:49.144,32988.9647
2026-08-19 13:34:49.557,32989.1768
2026-08-19 13:34:49.969,32991.1484
2026-08-19 13:34:50.383,32992.6465
2026-08-19 13:34:50.806,32994.1767
2026-08-19 13:34:51.218,32996.3329
2026-08-19 13:34:51.631,32996.6291
2026-08-19 13:34:52.044,32995.1425
2026-08-19 13:34:52.456,32994.6524
2026-08-19 13:34:52.883,32995.2737
2026-08-19 13:34:53.347,32995.8485
2026-08-19 13:34:53.766,32995.7895
2026-08-19 13:34:54.185,32991.2565
2026-08-19 13:34:54.597,32986.3919
2026-08-19 13:34:55.026,32984.8911
2026-08-19 13:34:55.445,32985.215
2026-08-19 13:34:55.890,32985.0717
2026-08-19 13:34:56.308,32991.4355
2026-08-19 13:34:56.728,32995.9501
2026-08-19 13:34:57.144,32997.3785
2026-08-19 13:34:57.558,32999.1103
2026-08-19 13:34:57.970,33000.5308
2026-08-19 13:34:58.384,33001.8195
2026-08-19 13:34:58.811,33002.6162
2026-08-19 13:34:59.226,33003.0665
2026-08-19 13:34:59.653,33003.2519
2026-08-19 13:35:00.066,33003.0532
2026-08-19 13:35:00.479,33002.8277
2026-08-19 13:35:00.893,33002.3767
2026-08-19 13:35:01.307,33003.7264
2026-08-19 13:35:01.788,33005.1187
2026-08-19 13:35:02.201,33006.0284
2026-08-19 13:35:02.620,33005.3627
2026-08-19 13:35:03.038,33005.274
2026-08-19 13:35:03.452,33005.9145
2026-08-19 13:35:03.865,33006.2774
2026-08-19 13:35:04.278,33007.5244
2026-08-19 13:35:04.701,33007.5141
2026-08-19 13:35:05.131,33007.6044
2026-08-19 13:35:05.542,33007.3873
2026-08-19 13:35:05.954,33006.8097
2026-08-19 13:35:06.382,33006.0699
2026-08-19 13:35:06.808,33006.0886
2026-08-19 13:35:07.234,33005.1668
2026-08-19 13:35:07.647,33005.3794
2026-08-19 13:35:08.060,33005.0876
2026-08-19 13:35:08.473,33003.1415
2026-08-19 13:35:08.949,33001.6297
2026-08-19 13:35:09.368,33001.4257
2026-08-19 13:35:09.789,33000.2195
2026-08-19 13:35:10.202,32999.7934
2026-08-19 13:35:10.630,32999.0307
2026-08-19 13:35:11.055,33000.602
2026-08-19 13:35:11.473,33001.7197
2026-08-19 13:35:11.885,33002.5589
2026-08-19 13:35:12.297,33002.7736
2026-08-19 13:35:12.712,33003.2003
2026-08-19 13:35:13.124,33003.0572
2026-08-19 13:35:13.537,33002.7958
2026-08-19 13:35:13.948,33002.5575
2026-08-19 13:35:14.367,33003.5052
2026-08-19 13:35:14.779,33002.871
2026-08-19 13:35:15.192,33002.363
2026-08-19 13:35:15.610,33002.5595
2026-08-19 13:35:16.022,33002.7751
2026-08-19 13:35:16.434,33002.3681
2026-08-19 13:35:16.848,33002.0855
2026-08-19 13:35:17.319,33001.7403
2026-08-19 13:35:17.735,32999.5115
2026-08-19 13:35:18.150,32999.3181
2026-08-19 13:35:18.574,32999.0698
2026-08-19 13:35:18.991,32997.8948
2026-08-19 13:35:19.411,32998.0406
2026-08-19 13:35:19.844,32998.5739
2026-08-19 13:35:20.271,32999.3457
2026-08-19 13:35:20.696,32999.3641
2026-08-19 13:35:21.113,32999.3177
2026-08-19 13:35:21.525,33000.459
2026-08-19 13:35:21.964,33001.4866
2026-08-19 13:35:22.378,33003.0307
2026-08-19 13:35:22.799,33003.5215
2026-08-19 13:35:23.211,33003.2935
2026-08-19 13:35:23.623,33001.7256
2026-08-19 13:35:24.049,33000.3669
2026-08-19 13:35:24.462,33002.1407
2026-08-19 13:35:24.904,33002.5818
2026-08-19 13:35:25.318,33001.8461
2026-08-19 13:35:25.736,33000.5794
2026-08-19 13:35:26.149,32998.1165
2026-08-19 13:35:26.560,32994.0248
2026-08-19 13:35:26.988,32990.7763
2026-08-19 13:35:27.488,32992.1328
2026-08-19 13:35:27.900,32993.5156
2026-08-19 13:35:28.321,32993.3709
2026-08-19 13:35:28.734,32994.3195
2026-08-19 13:35:29.148,32993.9663
2026-08-19 13:35:29.561,32993.5452
2026-08-19 13:35:30.019,32992.2302
2026-08-19 13:35:30.433,32991.5536
2026-08-19 13:35:30.855,32990.1845
2026-08-19 13:35:31.270,32989.4224
2026-08-19 13:35:31.697,32989.2176
2026-08-19 13:35:32.110,32987.8062
2026-08-19 13:35:32.523,32985.2845
2026-08-19 13:35:32.946,32983.8829
2026-08-19 13:35:33.359,32982.9652
2026-08-19 13:35:33.771,32981.6123
2026-08-19 13:35:34.195,32979.645
2026-08-19 13:35:34.609,32977.7977
2026-08-19 13:35:35.032,32976.8623
2026-08-19 13:35:35.525,32975.8955
2026-08-19 13:35:35.940,32977.2162
2026-08-19 13:35:36.353,32977.069
2026-08-19 13:35:36.815,32979.2261
2026-08-19 13:35:37.234,32982.0949
2026-08-19 13:35:37.654,32984.078
2026-08-19 13:35:38.068,32984.6254
2026-08-19 13:35:38.496,32984.0103
2026-08-19 13:35:38.910,32985.0639
2026-08-19 13:35:39.340,32984.9005
2026-08-19 13:35:39.753,32985.0462
2026-08-19 13:35:40.166,32984.4683
2026-08-19 13:35:40.592,32983.7914
2026-08-19 13:35:41.010,32983.3486
2026-08-19 13:35:41.445,32982.5576
2026-08-19 13:35:41.873,32982.005
2026-08-19 13:35:42.286,32981.9864
2026-08-19 13:35:42.698,32982.2276
2026-08-19 13:35:43.125,32982.1345
2026-08-19 13:35:43.546,32981.775
2026-08-19 13:35:43.961,32981.7916
2026-08-19 13:35:44.402,32981.9131
2026-08-19 13:35:44.814,32982.3445
2026-08-19 13:35:45.228,32983.3079
2026-08-19 13:35:45.642,32983.5208
2026-08-19 13:35:46.055,32984.2893
2026-08-19 13:35:46.472,32984.0378
2026-08-19 13:35:46.963,32984.8191
2026-08-19 13:35:47.375,32985.2927
2026-08-19 13:35:47.787,32986.3392
2026-08-19 13:35:48.199,32987.2409
2026-08-19 13:35:48.677,32988.0333
2026-08-19 13:35:49.090,32988.5625
2026-08-19 13:35:49.515,32988.7328
2026-08-19 13:35:49.931,32988.3569
2026-08-19 13:35:50.349,32987.919
2026-08-19 13:35:50.769,32987.6846
2026-08-19 13:35:51.182,32988.3125
2026-08-19 13:35:51.595,32988.4115
2026-08-19 13:35:52.011,32988.4708
2026-08-19 13:35:52.427,32988.5241
2026-08-19 13:35:52.856,32988.7119
2026-08-19 13:35:53.285,32988.1969
2026-08-19 13:35:53.697,32988.4667
2026-08-19 13:35:54.110,32988.5694
2026-08-19 13:35:54.524,32988.1826
2026-08-19 13:35:54.961,32986.6684
2026-08-19 13:35:55.374,32986.8748
2026-08-19 13:35:55.796,32987.2012
2026-08-19 13:35:56.223,32987.7171
2026-08-19 13:35:56.642,32987.8381
2026-08-19 13:35:57.068,32988.302
2026-08-19 13:35:57.480,32988.3579
2026-08-19 13:35:57.905,32988.581
2026-08-19 13:35:58.324,32989.244
2026-08-19 13:35:58.737,32989.3614
2026-08-19 13:35:59.169,32989.1787
2026-08-19 13:35:59.582,32989.2518
2026-08-19 13:35:59.993,32989.1519
2026-08-19 13:36:00.407,32988.6465
2026-08-19 13:36:00.820,32988.5655
2026-08-19 13:36:01.284,32987.7804
2026-08-19 13:36:01.698,32986.7026
2026-08-19 13:36:02.122,32986.209
2026-08-19 13:36:02.539,32986.7108
2026-08-19 13:36:02.952,32987.1898
2026-08-19 13:36:03.364,32987.3186
2026-08-19 13:36:03.778,32986.6023
2026-08-19 13:36:04.244,32986.6007
2026-08-19 13:36:04.656,32986.8743
2026-08-19 13:36:05.082,32986.8102
2026-08-19 13:36:05.495,32985.1676
2026-08-19 13:36:05.911,32985.4943
2026-08-19 13:36:06.348,32986.8129
2026-08-19 13:36:06.772,32988.4088
2026-08-19 13:36:07.186,32988.8653
2026-08-19 13:36:07.599,32988.29
2026-08-19 13:36:08.012,32986.9703
2026-08-19 13:36:08.426,32985.5182
2026-08-19 13:36:08.839,32985.4452
2026-08-19 13:36:09.284,32985.9564
2026-08-19 13:36:09.697,32985.6555
2026-08-19 13:36:10.109,32985.1299
2026-08-19 13:36:10.538,32985.3445
2026-08-19 13:36:10.964,32984.7432
2026-08-19 13:36:11.424,32985.7875
2026-08-19 13:36:11.835,32985.685
2026-08-19 13:36:12.250,32981.8874
2026-08-19 13:36:12.662,32978.1372
2026-08-19 13:36:13.075,32977.825
2026-08-19 13:36:13.504,32981.3323
2026-08-19 13:36:14.010,32981.0405
2026-08-19 13:36:14.423,32980.4737
2026-08-19 13:36:14.846,32980.7264
2026-08-19 13:36:15.259,32977.7203
2026-08-19 13:36:15.698,32975.2677
2026-08-19 13:36:16.112,32977.1591
2026-08-19 13:36:16.530,32977.2371
2026-08-19 13:36:16.943,32977.4164
2026-08-19 13:36:17.356,32978.6905
2026-08-19 13:36:17.783,32979.7471
2026-08-19 13:36:18.277,32981.1393
2026-08-19 13:36:18.691,32980.9768
2026-08-19 13:36:19.104,32981.0185
2026-08-19 13:36:19.517,32981.4527
2026-08-19 13:36:19.978,32982.0838
2026-08-19 13:36:20.399,32981.7783
2026-08-19 13:36:20.811,32979.4552
2026-08-19 13:36:21.232,32977.8569
2026-08-19 13:36:21.697,32975.2413
2026-08-19 13:36:22.128,32974.3595
2026-08-19 13:36:22.542,32977.1232
2026-08-19 13:36:22.961,32978.7237
2026-08-19 13:36:23.381,32979.9477
2026-08-19 13:36:23.795,32980.7589
2026-08-19 13:36:24.218,32979.9277
2026-08-19 13:36:24.634,32980.1848
2026-08-19 13:36:25.058,32981.0583
2026-08-19 13:36:25.472,32982.111
2026-08-19 13:36:25.901,32983.8035
2026-08-19 13:36:26.345,32984.7169
2026-08-19 13:36:26.757,32985.265
2026-08-19 13:36:27.169,32983.5496
2026-08-19 13:36:27.582,32984.7132
2026-08-19 13:36:27.995,32985.31
2026-08-19 13:36:28.407,32985.3975
2026-08-19 13:36:28.821,32985.6808
2026-08-19 13:36:29.234,32985.2984
2026-08-19 13:36:29.646,32984.8921
2026-08-19 13:36:30.058,32984.3773
2026-08-19 13:36:30.475,32984.4744
2026-08-19 13:36:30.889,32985.0852
2026-08-19 13:36:31.312,32985.6553
2026-08-19 13:36:31.726,32985.5352
2026-08-19 13:36:32.154,32984.5929
2026-08-19 13:36:32.580,32985.3792
2026-08-19 13:36:33.011,32985.4275
2026-08-19 13:36:33.423,32983.3497
2026-08-19 13:36:33.849,32983.5654
2026-08-19 13:36:34.261,32982.5392
2026-08-19 13:36:34.731,32981.7238
2026-08-19 13:36:35.148,32982.587
2026-08-19 13:36:35.571,32982.4182
2026-08-19 13:36:35.988,32983.6663
2026-08-19 13:36:36.402,32983.5832
2026-08-19 13:36:36.824,32983.0222
2026-08-19 13:36:37.252,32983.0923
2026-08-19 13:36:37.665,32983.5378
2026-08-19 13:36:38.088,32983.5608
2026-08-19 13:36:38.504,32984.73
2026-08-19 13:36:38.921,32984.3878
2026-08-19 13:36:39.334,32984.3637
2026-08-19 13:36:39.770,32984.3515
2026-08-19 13:36:40.185,32984.6766
2026-08-19 13:36:40.598,32983.0873
2026-08-19 13:36:41.011,32982.5185
2026-08-19 13:36:41.424,32983.8985
2026-08-19 13:36:41.836,32983.7125
2026-08-19 13:36:42.255,32982.7468
2026-08-19 13:36:42.736,32982.8374
2026-08-19 13:36:43.148,32984.3514
2026-08-19 13:36:43.570,32986.0276
2026-08-19 13:36:43.983,32986.7645
2026-08-19 13:36:44.403,32986.6677
2026-08-19 13:36:44.816,32985.7634
2026-08-19 13:36:45.238,32984.0232
2026-08-19 13:36:45.652,32981.8932
2026-08-19 13:36:46.087,32981.4082
2026-08-19 13:36:46.504,32981.1902
2026-08-19 13:36:46.925,32981.4819
2026-08-19 13:36:47.342,32982.5675
2026-08-19 13:36:47.760,32983.864
2026-08-19 13:36:48.173,32986.0406
2026-08-19 13:36:48.599,32986.2864
2026-08-19 13:36:49.014,32985.3414
2026-08-19 13:36:49.429,32984.2499
2026-08-19 13:36:49.855,32984.7154
2026-08-19 13:36:50.292,32984.4422
2026-08-19 13:36:50.706,32985.1544
2026-08-19 13:36:51.133,32984.6537
2026-08-19 13:36:51.546,32983.6676
2026-08-19 13:36:51.959,32983.1313
2026-08-19 13:36:52.372,32983.021
2026-08-19 13:36:52.802,32982.7662
2026-08-19 13:36:53.224,32983.607
2026-08-19 13:36:53.650,32982.8199
2026-08-19 13:36:54.062,32982.0837
2026-08-19 13:36:54.488,32980.3507
2026-08-19 13:36:54.900,32980.2455
2026-08-19 13:36:55.312,32980.4466
2026-08-19 13:36:55.740,32979.9228
2026-08-19 13:36:56.159,32980.4925
2026-08-19 13:36:56.579,32979.929
2026-08-19 13:36:56.997,32980.0481
2026-08-19 13:36:57.411,32979.3031
2026-08-19 13:36:57.831,32978.0995
2026-08-19 13:36:58.244,32976.8416
2026-08-19 13:36:58.668,32977.0657
2026-08-19 13:36:59.079,32977.0126
2026-08-19 13:36:59.491,32975.6175
2026-08-19 13:36:59.907,32974.7961
2026-08-19 13:37:00.321,32974.1065
2026-08-19 13:37:00.733,32973.8056
2026-08-19 13:37:01.162,32973.9927
2026-08-19 13:37:01.576,32973.5755
2026-08-19 13:37:01.989,32972.4826
2026-08-19 13:37:02.402,32972.028
2026-08-19 13:37:02.828,32971.3775
2026-08-19 13:37:03.241,32971.7312
2026-08-19 13:37:03.661,32972.0036
2026-08-19 13:37:04.086,32972.4616
2026-08-19 13:37:04.502,32972.4939
2026-08-19 13:37:04.915,32972.4803
2026-08-19 13:37:05.329,32972.8031
2026-08-19 13:37:05.831,32973.7996
2026-08-19 13:37:06.243,32971.7358
2026-08-19 13:37:06.672,32969.67
2026-08-19 13:37:07.086,32965.2847
2026-08-19 13:37:07.511,32964.8941
2026-08-19 13:37:07.941,32963.4027
2026-08-19 13:37:08.355,32963.8365
2026-08-19 13:37:08.768,32965.711
2026-08-19 13:37:09.180,32966.9627
2026-08-19 13:37:09.606,32967.424
2026-08-19 13:37:10.034,32967.122
2026-08-19 13:37:10.447,32967.4526
2026-08-19 13:37:10.859,32967.6867
2026-08-19 13:37:11.274,32967.8971
2026-08-19 13:37:11.688,32969.8172
2026-08-19 13:37:12.110,32970.3502
2026-08-19 13:37:12.539,32970.2852
2026-08-19 13:37:12.957,32969.6594
2026-08-19 13:37:13.369,32968.2106
2026-08-19 13:37:13.797,32969.5062
2026-08-19 13:37:14.209,32970.7964
2026-08-19 13:37:14.621,32972.6093
2026-08-19 13:37:15.085,32973.1665
2026-08-19 13:37:15.520,32973.7842
2026-08-19 13:37:15.933,32973.3954
2026-08-19 13:37:16.358,32972.5166
2026-08-19 13:37:16.821,32972.8359
2026-08-19 13:37:17.235,32975.7848
2026-08-19 13:37:17.647,32976.7855
2026-08-19 13:37:18.072,32976.8558
2026-08-19 13:37:18.489,32977.975
2026-08-19 13:37:18.903,32978.2984
2026-08-19 13:37:19.321,32979.7601
2026-08-19 13:37:19.755,32979.5746
2026-08-19 13:37:20.167,32979.2911
2026-08-19 13:37:20.579,32979.6483
2026-08-19 13:37:21.005,32980.7008
2026-08-19 13:37:21.419,32981.4197
2026-08-19 13:37:21.886,32982.1067
2026-08-19 13:37:22.297,32982.0414
2026-08-19 13:37:22.734,32982.8622
2026-08-19 13:37:23.147,32982.6177
2026-08-19 13:37:23.576,32983.3522
2026-08-19 13:37:23.994,32983.1991
2026-08-19 13:37:24.406,32983.2169
2026-08-19 13:37:24.819,32982.7672
2026-08-19 13:37:25.229,32982.5091
2026-08-19 13:37:25.644,32981.7224
2026-08-19 13:37:26.064,32981.8698
2026-08-19 13:37:26.476,32981.9672
2026-08-19 13:37:26.954,32982.9534
2026-08-19 13:37:27.374,32983.0856
2026-08-19 13:37:27.786,32983.3124
2026-08-19 13:37:28.212,32983.2916
